Graph1 Name;Graph2 Name;Graph1 nb nodes;Graph2 nb nodes;Graph1 nb edges;Graph2 nb edges;Method;Param; distance;optimal solution found;Class Graph1;Class Graph2;matching
image7_34.gxl;image7_34.gxl;10;10;10;10;Distributed GED;-;  0.00000;true;7;7;2->2=0.0/5->5=0.0/0->0=0.0/6->6=0.0/8->8=0.0/3->3=0.0/4->4=0.0/7->7=0.0/9->9=0.0/1->1=0.0/
image7_34.gxl;image7_37.gxl;10;10;10;10;Distributed GED;-; 71.13387;true;7;7;Node:7->7=1.414215/Node:8->8=7.778175/Edge:0_<>6->0_<>6=0.0/Edge:5_<>9->5_<>9=0.0/Edge:5_<>8->5_<>8=0.0/Node:3->3=7.07107/Node:2->2=7.778175/Node:0->0=12.020815/Edge:0_<>2->0_<>2=0.0/Node:1->1=9.19239/Edge:1_<>2->1_<>2=0.0/Edge:5_<>7->5_<>7=0.0/Node:6->6=8.94427/Edge:2_<>4->2_<>4=0.0/Node:9->9=7.106335/Edge:6_<>9->6_<>9=0.0/Edge:1_<>3->1_<>3=0.0/Node:5->5=2.828425/Node:4->4=7.0/Edge:3_<>7->3_<>7=0.0/
image7_34.gxl;image7_38.gxl;10;10;10;10;Distributed GED;-;299.54467;true;7;7;Node:1->1=38.581085/Node:5->5=23.086795/Edge:2_<>4->2_<>4=0.0/Edge:6_<>9->6_<>9=0.0/Node:3->3=32.653485/Edge:1_<>3->1_<>3=0.0/Edge:5_<>8->5_<>8=0.0/Edge:0_<>6->0_<>6=0.0/Node:4->4=24.16609/Node:7->7=31.04835/Node:0->0=23.50532/Edge:1_<>2->1_<>2=0.0/Node:8->8=35.128335/Node:6->6=42.04759/Node:9->9=23.02173/Edge:3_<>7->3_<>7=0.0/Edge:5_<>9->5_<>9=0.0/Edge:5_<>7->5_<>7=0.0/Node:2->2=26.305895/Edge:0_<>2->0_<>2=0.0/
image7_34.gxl;image7_48.gxl;10;10;10;10;Distributed GED;-;307.01753;true;7;7;Edge:5_<>7->0_<>7=0.0/Edge:0_<>6->1_<>5=0.0/Node:8->2=32.68792/Node:6->1=36.989865/Edge:5_<>9->0_<>6=0.0/Edge:5_<>8->0_<>2=0.0/Edge:1_<>2->8_<>9=0.0/Node:1->8=23.92697/Node:2->9=30.602285/Node:0->5=27.986605/Edge:0_<>2->5_<>9=0.0/Edge:3_<>7->4_<>7=0.0/Node:5->0=36.87818/Node:4->3=29.614185/Node:9->6=28.111385/Edge:6_<>9->1_<>6=0.0/Node:3->4=30.203475/Edge:2_<>4->3_<>9=0.0/Edge:1_<>3->4_<>8=0.0/Node:7->7=30.01666/
image7_34.gxl;image7_49.gxl;10;10;10;10;Distributed GED;-;304.49633;true;7;7;Edge:5_<>8->0_<>2=0.0/Edge:3_<>7->4_<>7=0.0/Node:9->6=28.65746/Node:7->7=36.40055/Edge:5_<>9->0_<>6=0.0/Edge:1_<>3->4_<>8=0.0/Edge:0_<>2->5_<>9=0.0/Node:1->8=24.16609/Edge:1_<>2->8_<>9=0.0/Node:2->9=30.602285/Node:3->4=31.84729/Node:8->2=29.12044/Node:0->5=22.98369/Edge:0_<>6->1_<>5=0.0/Node:5->0=26.54242/Edge:6_<>9->1_<>6=0.0/Node:4->3=36.769555/Node:6->1=37.40655/Edge:2_<>4->3_<>9=0.0/Edge:5_<>7->0_<>7=0.0/
image7_34.gxl;image7_50.gxl;10;10;10;10;Distributed GED;-;306.10278;true;7;7;Edge:5_<>7->0_<>7=0.0/Edge:0_<>6->1_<>5=0.0/Node:8->2=29.83287/Node:6->1=37.40655/Edge:5_<>9->0_<>6=0.0/Edge:5_<>8->0_<>2=0.0/Edge:1_<>2->8_<>9=0.0/Node:1->8=20.651875/Node:2->9=36.77635/Node:0->5=30.8099/Edge:0_<>2->5_<>9=0.0/Edge:3_<>7->4_<>7=0.0/Node:5->0=35.128335/Node:4->3=29.23183/Node:9->6=20.5/Edge:6_<>9->1_<>6=0.0/Node:3->4=33.81198/Edge:2_<>4->3_<>9=0.0/Edge:1_<>3->4_<>8=0.0/Node:7->7=31.95309/
image7_34.gxl;image9_35.gxl;10;10;10;10;Distributed GED;-;765.81526;true;7;9;Edge:6_<>9->eps_id=7.5/Edge:eps_id->4_<>6=7.5/Node:7->4=63.570825/Edge:eps_id->7_<>9=7.5/Node:8->2=90.0/Edge:eps_id->5_<>9=7.5/Edge:0_<>6->6_<>8=0.0/Node:9->eps_id=45.0/Edge:5_<>8->2_<>5=0.0/Node:3->1=34.07712/Node:2->0=90.0/Node:0->8=39.05445/Edge:0_<>2->0_<>8=0.0/Node:eps_id->9=45.0/Node:1->3=58.604605/Edge:1_<>2->0_<>3=0.0/Edge:5_<>7->eps_id=7.5/Node:6->6=60.508265/Edge:2_<>4->eps_id=7.5/Edge:eps_id->2_<>7=7.5/Edge:5_<>9->eps_id=7.5/Edge:1_<>3->1_<>3=0.0/Node:5->5=90.0/Node:4->7=90.0/Edge:3_<>7->1_<>4=0.0/
image7_34.gxl;image9_39.gxl;10;10;10;10;Distributed GED;-;751.21464;true;7;9;Edge:5_<>8->2_<>5=0.0/Edge:5_<>9->eps_id=7.5/Node:9->eps_id=45.0/Edge:5_<>7->eps_id=7.5/Edge:eps_id->5_<>9=7.5/Edge:1_<>3->1_<>3=0.0/Node:5->5=90.0/Node:6->6=71.00176239013672/Node:8->2=90.0/Edge:eps_id->7_<>9=7.5/Node:7->4=55.832340240478516/Edge:2_<>4->eps_id=7.5/Node:3->1=25.83118438720703/Node:0->8=34.860435485839844/Edge:0_<>2->0_<>8=0.0/Node:eps_id->9=45.0/Edge:eps_id->4_<>6=7.5/Edge:0_<>6->6_<>8=0.0/Node:1->3=53.68891906738281/Edge:1_<>2->0_<>3=0.0/Edge:eps_id->2_<>7=7.5/Edge:3_<>7->1_<>4=0.0/Node:4->7=90.0/Node:2->0=90.0/Edge:6_<>9->eps_id=7.5/
image7_34.gxl;image20_22.gxl;10;10;10;10;Distributed GED;-;799.14054;true;7;20;Edge:6_<>9->2_<>7=0.0/Node:4->3=90.0/Edge:eps_id->3_<>4=7.5/Edge:5_<>8->eps_id=7.5/Node:7->eps_id=45.0/Node:eps_id->9=45.0/Node:1->eps_id=45.0/Edge:3_<>7->eps_id=7.5/Node:8->1=90.0/Edge:eps_id->7_<>9=7.5/Node:2->8=21.691009521484375/Edge:1_<>2->eps_id=7.5/Node:6->7=90.0/Edge:1_<>3->eps_id=7.5/Edge:5_<>9->2_<>6=0.0/Edge:2_<>4->eps_id=7.5/Edge:eps_id->1_<>3=7.5/Node:3->5=90.0/Edge:eps_id->4_<>9=7.5/Edge:5_<>7->eps_id=7.5/Edge:0_<>2->0_<>8=0.0/Edge:eps_id->6_<>8=15.0/Node:eps_id->4=45.0/Edge:eps_id->1_<>2=7.5/Edge:0_<>6->0_<>7=0.0/Node:5->6=25.079870223999023/Node:9->2=90.0/Node:0->0=24.869659423828125/
image7_34.gxl;image20_30.gxl;10;10;10;10;Distributed GED;-;789.58565;true;7;20;Node:7->eps_id=45.0/Edge:5_<>8->eps_id=7.5/Edge:eps_id->4_<>9=7.5/Node:5->6=20.554805755615234/Node:8->3=90.0/Node:3->5=90.0/Node:4->1=90.0/Edge:1_<>3->eps_id=7.5/Edge:eps_id->7_<>9=7.5/Node:eps_id->4=45.0/Edge:5_<>9->2_<>6=0.0/Node:1->eps_id=45.0/Edge:eps_id->1_<>2=7.5/Node:6->7=90.0/Node:eps_id->9=45.0/Edge:5_<>7->eps_id=7.5/Edge:3_<>7->eps_id=7.5/Edge:eps_id->3_<>4=7.5/Edge:eps_id->1_<>3=7.5/Edge:1_<>2->eps_id=7.5/Edge:eps_id->6_<>8=15.0/Node:2->8=23.420074462890625/Edge:0_<>6->0_<>7=0.0/Edge:2_<>4->eps_id=7.5/Edge:0_<>2->0_<>8=0.0/Edge:6_<>9->2_<>7=0.0/Node:0->0=18.110769271850586/Node:9->2=90.0/
image7_37.gxl;image7_34.gxl;10;10;10;10;Distributed GED;-; 71.13387;true;7;7;Edge:6_<>9->6_<>9=0.0/Edge:5_<>7->5_<>7=0.0/Edge:0_<>6->0_<>6=0.0/Node:6->6=8.94427/Node:9->9=7.106335/Node:8->8=7.778175/Edge:1_<>2->1_<>2=0.0/Node:1->1=9.19239/Node:2->2=7.778175/Node:0->0=12.020815/Edge:0_<>2->0_<>2=0.0/Edge:3_<>7->3_<>7=0.0/Node:5->5=2.828425/Node:4->4=7.0/Edge:5_<>8->5_<>8=0.0/Edge:5_<>9->5_<>9=0.0/Node:3->3=7.07107/Edge:2_<>4->2_<>4=0.0/Edge:1_<>3->1_<>3=0.0/Node:7->7=1.414215/
image7_37.gxl;image7_37.gxl;10;10;10;10;Distributed GED;-;  0.00000;true;7;7;Edge:5_<>8->5_<>8=0.0/Edge:3_<>7->3_<>7=0.0/Node:9->9=0.0/Node:7->7=0.0/Edge:5_<>9->5_<>9=0.0/Edge:1_<>3->1_<>3=0.0/Edge:0_<>2->0_<>2=0.0/Node:1->1=0.0/Edge:1_<>2->1_<>2=0.0/Node:2->2=0.0/Node:3->3=0.0/Node:8->8=0.0/Node:0->0=0.0/Edge:0_<>6->0_<>6=0.0/Node:5->5=0.0/Edge:6_<>9->6_<>9=0.0/Node:4->4=0.0/Node:6->6=0.0/Edge:2_<>4->2_<>4=0.0/Edge:5_<>7->5_<>7=0.0/
image7_37.gxl;image7_38.gxl;10;10;10;10;Distributed GED;-;336.69828;true;7;7;Node:0->0=35.22783/Edge:0_<>2->0_<>2=0.0/Edge:0_<>6->0_<>6=0.0/Node:6->6=47.07441/Node:4->4=22.203605/Node:1->1=47.010635/Edge:2_<>4->2_<>4=0.0/Edge:5_<>9->5_<>9=0.0/Edge:3_<>7->3_<>7=0.0/Node:5->5=25.0/Edge:5_<>7->5_<>7=0.0/Node:2->2=20.554805/Edge:1_<>3->1_<>3=0.0/Node:9->9=29.02585/Node:7->7=29.83287/Edge:6_<>9->6_<>9=0.0/Node:8->8=41.382365/Edge:5_<>8->5_<>8=0.0/Edge:1_<>2->1_<>2=0.0/Node:3->3=39.38591/
image7_37.gxl;image7_48.gxl;10;10;10;10;Distributed GED;-;347.30452;true;7;7;Node:8->2=39.05125/Edge:3_<>7->4_<>7=0.0/Edge:5_<>8->0_<>2=0.0/Node:7->7=28.6531/Edge:6_<>9->1_<>6=0.0/Node:9->6=33.55965/Edge:1_<>3->4_<>8=0.0/Edge:0_<>2->5_<>9=0.0/Node:1->8=32.75668/Edge:1_<>2->8_<>9=0.0/Node:2->9=26.24881/Node:3->4=36.704905/Node:0->5=39.990625/Edge:0_<>6->1_<>5=0.0/Node:5->0=38.47077/Edge:5_<>9->0_<>6=0.0/Node:4->3=29.017235/Node:6->1=42.85149/Edge:2_<>4->3_<>9=0.0/Edge:5_<>7->0_<>7=0.0/
image7_37.gxl;image7_49.gxl;10;10;10;10;Distributed GED;-;344.55970;true;7;7;Node:8->2=36.117865/Node:7->7=35.17101/Edge:5_<>8->0_<>2=0.0/Edge:0_<>6->1_<>5=0.0/Edge:6_<>9->1_<>6=0.0/Node:9->6=34.03307/Node:3->4=38.46102/Node:2->9=26.24881/Node:0->5=35.00357/Edge:0_<>2->5_<>9=0.0/Node:1->8=32.93175/Edge:1_<>2->8_<>9=0.0/Edge:5_<>7->0_<>7=0.0/Node:6->1=43.16538/Edge:2_<>4->3_<>9=0.0/Edge:5_<>9->0_<>6=0.0/Edge:1_<>3->4_<>8=0.0/Node:5->0=28.71411/Node:4->3=34.71311/Edge:3_<>7->4_<>7=0.0/
image7_37.gxl;image7_50.gxl;10;10;10;10;Distributed GED;-;344.64488;true;7;7;Node:7->7=30.675725/Node:8->2=36.694685/Edge:0_<>6->1_<>5=0.0/Edge:5_<>9->0_<>6=0.0/Edge:5_<>8->0_<>2=0.0/Node:3->4=40.4753/Node:2->9=31.016125/Node:0->5=42.81647/Edge:0_<>2->5_<>9=0.0/Node:1->8=28.4605/Edge:1_<>2->8_<>9=0.0/Edge:5_<>7->0_<>7=0.0/Node:6->1=43.16538/Edge:2_<>4->3_<>9=0.0/Node:9->6=25.5/Edge:6_<>9->1_<>6=0.0/Edge:1_<>3->4_<>8=0.0/Node:5->0=37.33631/Node:4->3=28.504385/Edge:3_<>7->4_<>7=0.0/
image7_37.gxl;image9_35.gxl;10;10;10;10;Distributed GED;-;796.60737;true;7;9;Node:6->6=68.56565856933594/Edge:5_<>9->eps_id=7.5/Edge:3_<>7->1_<>4=0.0/Edge:1_<>2->0_<>3=0.0/Node:2->0=90.0/Node:eps_id->7=45.0/Node:5->5=90.0/Edge:0_<>6->6_<>8=0.0/Node:0->8=50.11237335205078/Edge:5_<>8->2_<>5=0.0/Edge:eps_id->2_<>7=7.5/Edge:2_<>4->eps_id=7.5/Edge:6_<>9->eps_id=7.5/Node:8->2=90.0/Node:7->4=62.163089752197266/Node:9->eps_id=45.0/Node:3->1=40.69704818725586/Edge:eps_id->7_<>9=7.5/Edge:0_<>2->0_<>8=0.0/Edge:1_<>3->1_<>3=0.0/Edge:eps_id->5_<>9=7.5/Edge:eps_id->4_<>6=7.5/Edge:5_<>7->eps_id=7.5/Node:4->9=90.0/Node:1->3=65.06919860839844/
image7_37.gxl;image9_39.gxl;10;10;10;10;Distributed GED;-;781.75266;true;7;9;Node:5->9=90.0/Edge:1_<>3->1_<>3=0.0/Edge:eps_id->4_<>6=7.5/Node:8->5=90.0/Edge:1_<>2->0_<>3=0.0/Node:3->1=32.1286506652832/Node:4->2=90.0/Edge:eps_id->2_<>5=7.5/Node:2->0=90.0/Edge:2_<>4->eps_id=7.5/Edge:0_<>6->6_<>8=0.0/Node:6->6=79.12805938720703/Node:9->eps_id=45.0/Edge:0_<>2->0_<>8=0.0/Node:eps_id->7=45.0/Edge:eps_id->2_<>7=7.5/Node:0->8=45.06938934326172/Edge:5_<>9->eps_id=7.5/Node:1->3=61.0/Edge:eps_id->7_<>9=7.5/Edge:5_<>7->eps_id=7.5/Node:7->4=54.42655563354492/Edge:6_<>9->eps_id=7.5/Edge:5_<>8->5_<>9=0.0/Edge:3_<>7->1_<>4=0.0/
image7_37.gxl;image20_22.gxl;10;10;10;10;Distributed GED;-;793.41945;true;7;20;Node:0->0=13.601469993591309/Edge:eps_id->4_<>9=7.5/Node:8->3=90.0/Node:3->5=90.0/Edge:5_<>9->2_<>6=0.0/Edge:1_<>3->eps_id=7.5/Edge:eps_id->7_<>9=7.5/Node:eps_id->4=45.0/Edge:eps_id->1_<>2=7.5/Node:1->eps_id=45.0/Edge:2_<>4->eps_id=7.5/Node:6->7=90.0/Node:eps_id->9=45.0/Edge:eps_id->6_<>8=15.0/Edge:eps_id->1_<>3=7.5/Edge:3_<>7->eps_id=7.5/Edge:eps_id->3_<>4=7.5/Node:9->2=90.0/Node:4->1=90.0/Edge:1_<>2->eps_id=7.5/Node:5->6=27.0/Node:2->8=25.31797981262207/Node:7->eps_id=45.0/Edge:0_<>6->0_<>7=0.0/Edge:5_<>8->eps_id=7.5/Edge:6_<>9->2_<>7=0.0/Edge:0_<>2->0_<>8=0.0/Edge:5_<>7->eps_id=7.5/
image7_37.gxl;image20_30.gxl;10;10;10;10;Distributed GED;-;789.79931;true;7;20;Node:2->8=28.017850875854492/Node:9->2=90.0/Edge:5_<>7->eps_id=7.5/Edge:3_<>7->eps_id=7.5/Edge:5_<>8->eps_id=7.5/Edge:eps_id->7_<>9=7.5/Edge:1_<>3->eps_id=7.5/Edge:0_<>2->0_<>8=0.0/Edge:0_<>6->0_<>7=0.0/Node:1->eps_id=45.0/Edge:eps_id->1_<>3=7.5/Edge:eps_id->3_<>4=7.5/Edge:eps_id->6_<>8=15.0/Node:8->3=90.0/Node:3->5=90.0/Node:5->6=22.77059555053711/Edge:5_<>9->2_<>6=0.0/Edge:1_<>2->eps_id=7.5/Node:4->1=90.0/Node:eps_id->4=45.0/Node:7->eps_id=45.0/Edge:eps_id->1_<>2=7.5/Node:eps_id->9=45.0/Edge:eps_id->4_<>9=7.5/Edge:6_<>9->2_<>7=0.0/Node:6->7=90.0/Edge:2_<>4->eps_id=7.5/Node:0->0=11.510865211486816/
image7_38.gxl;image7_34.gxl;10;10;10;10;Distributed GED;-;299.54467;true;7;7;Edge:5_<>8->5_<>8=0.0/Edge:3_<>7->3_<>7=0.0/Node:9->9=23.02173/Node:7->7=31.04835/Edge:5_<>9->5_<>9=0.0/Edge:1_<>3->1_<>3=0.0/Edge:0_<>2->0_<>2=0.0/Node:1->1=38.581085/Edge:1_<>2->1_<>2=0.0/Node:2->2=26.305895/Node:3->3=32.653485/Node:8->8=35.128335/Node:0->0=23.50532/Edge:0_<>6->0_<>6=0.0/Node:5->5=23.086795/Edge:6_<>9->6_<>9=0.0/Node:4->4=24.16609/Node:6->6=42.04759/Edge:2_<>4->2_<>4=0.0/Edge:5_<>7->5_<>7=0.0/
image7_38.gxl;image7_37.gxl;10;10;10;10;Distributed GED;-;336.69828;true;7;7;Edge:5_<>7->5_<>7=0.0/Edge:0_<>6->0_<>6=0.0/Node:8->8=41.382365/Node:6->6=47.07441/Edge:5_<>9->5_<>9=0.0/Edge:5_<>8->5_<>8=0.0/Edge:1_<>2->1_<>2=0.0/Node:1->1=47.010635/Node:2->2=20.554805/Node:0->0=35.22783/Edge:0_<>2->0_<>2=0.0/Edge:3_<>7->3_<>7=0.0/Node:5->5=25.0/Node:4->4=22.203605/Node:9->9=29.02585/Edge:6_<>9->6_<>9=0.0/Node:3->3=39.38591/Edge:2_<>4->2_<>4=0.0/Edge:1_<>3->1_<>3=0.0/Node:7->7=29.83287/
image7_38.gxl;image7_38.gxl;10;10;10;10;Distributed GED;-;  0.00000;true;7;7;Edge:5_<>8->5_<>8=0.0/Edge:3_<>7->3_<>7=0.0/Node:9->9=0.0/Node:7->7=0.0/Edge:5_<>9->5_<>9=0.0/Edge:1_<>3->1_<>3=0.0/Edge:0_<>2->0_<>2=0.0/Node:1->1=0.0/Edge:1_<>2->1_<>2=0.0/Node:2->2=0.0/Node:3->3=0.0/Node:8->8=0.0/Node:0->0=0.0/Edge:0_<>6->0_<>6=0.0/Node:5->5=0.0/Edge:6_<>9->6_<>9=0.0/Node:4->4=0.0/Node:6->6=0.0/Edge:2_<>4->2_<>4=0.0/Edge:5_<>7->5_<>7=0.0/
image7_38.gxl;image7_48.gxl;10;10;10;10;Distributed GED;-; 80.07524;true;7;7;Edge:5_<>8->0_<>2=0.0/Edge:3_<>7->4_<>7=0.0/Node:9->6=6.10328/Node:7->7=8.06226/Edge:5_<>9->0_<>6=0.0/Edge:1_<>3->4_<>8=0.0/Edge:0_<>2->5_<>9=0.0/Node:1->8=15.132745/Edge:1_<>2->8_<>9=0.0/Node:2->9=7.905695/Node:3->4=4.123105/Node:8->2=2.54951/Node:0->5=7.017835/Edge:0_<>6->1_<>5=0.0/Node:5->0=14.31782/Edge:6_<>9->1_<>6=0.0/Node:4->3=8.06226/Node:6->1=6.800735/Edge:2_<>4->3_<>9=0.0/Edge:5_<>7->0_<>7=0.0/
image7_38.gxl;image7_49.gxl;10;10;10;10;Distributed GED;-; 75.13079;true;7;7;Node:9->6=6.800735/Edge:0_<>6->1_<>5=0.0/Edge:2_<>4->3_<>9=0.0/Node:7->7=5.385165/Edge:6_<>9->1_<>6=0.0/Node:4->3=12.64911/Node:8->2=8.602325/Edge:3_<>7->4_<>7=0.0/Node:1->8=14.71394/Edge:5_<>9->0_<>6=0.0/Node:0->5=6.020795/Node:6->1=6.10328/Edge:1_<>3->4_<>8=0.0/Edge:1_<>2->8_<>9=0.0/Edge:5_<>7->0_<>7=0.0/Edge:5_<>8->0_<>2=0.0/Node:2->9=7.905695/Node:3->4=2.0/Edge:0_<>2->5_<>9=0.0/Node:5->0=4.949745/
image7_38.gxl;image7_50.gxl;10;10;10;10;Distributed GED;-; 83.26354;true;7;7;Edge:5_<>7->0_<>7=0.0/Edge:0_<>6->1_<>5=0.0/Node:8->2=7.211105/Node:6->1=6.10328/Edge:5_<>9->0_<>6=0.0/Edge:5_<>8->0_<>2=0.0/Edge:1_<>2->8_<>9=0.0/Node:1->8=18.86796/Node:2->9=10.5119/Node:0->5=9.34077/Edge:0_<>2->5_<>9=0.0/Edge:3_<>7->4_<>7=0.0/Node:5->0=13.0/Node:4->3=7.38241/Node:9->6=6.26498/Edge:6_<>9->1_<>6=0.0/Node:3->4=1.58114/Edge:2_<>4->3_<>9=0.0/Edge:1_<>3->4_<>8=0.0/Node:7->7=3.0/
image7_38.gxl;image9_35.gxl;10;10;10;10;Distributed GED;-;736.66302;true;7;9;Node:7->4=42.323158264160156/Edge:5_<>8->2_<>5=0.0/Edge:1_<>3->1_<>3=0.0/Edge:5_<>7->eps_id=7.5/Edge:eps_id->7_<>9=7.5/Edge:0_<>6->6_<>8=0.0/Edge:1_<>2->0_<>3=0.0/Edge:2_<>4->eps_id=7.5/Node:9->eps_id=45.0/Node:3->1=24.052024841308594/Edge:6_<>9->eps_id=7.5/Edge:3_<>7->1_<>4=0.0/Node:4->7=90.0/Edge:5_<>9->eps_id=7.5/Node:1->3=60.95900344848633/Node:6->6=72.60337829589844/Node:8->2=90.0/Edge:eps_id->4_<>6=7.5/Node:0->8=26.725454330444336/Node:2->0=90.0/Node:eps_id->9=45.0/Edge:eps_id->5_<>9=7.5/Edge:eps_id->2_<>7=7.5/Edge:0_<>2->0_<>8=0.0/Node:5->5=90.0/
image7_38.gxl;image9_39.gxl;10;10;10;10;Distributed GED;-;731.60909;true;7;9;Node:5->5=90.0/Node:8->2=90.0/Edge:eps_id->2_<>7=7.5/Node:7->4=35.85038375854492/Edge:eps_id->7_<>9=7.5/Edge:0_<>6->6_<>8=0.0/Edge:1_<>2->0_<>3=0.0/Edge:5_<>8->2_<>5=0.0/Node:1->3=52.00961685180664/Node:9->eps_id=45.0/Edge:6_<>9->eps_id=7.5/Edge:1_<>3->1_<>3=0.0/Edge:3_<>7->1_<>4=0.0/Edge:5_<>7->eps_id=7.5/Node:0->8=27.735355377197266/Node:6->6=80.51863098144531/Node:4->7=90.0/Edge:eps_id->4_<>6=7.5/Edge:2_<>4->eps_id=7.5/Node:3->1=25.495100021362305/Node:eps_id->9=45.0/Edge:eps_id->5_<>9=7.5/Node:2->0=90.0/Edge:5_<>9->eps_id=7.5/Edge:0_<>2->0_<>8=0.0/
image7_38.gxl;image20_22.gxl;10;10;10;10;Distributed GED;-;809.63228;true;7;20;Edge:eps_id->6_<>8=15.0/Edge:6_<>9->1_<>3=0.0/Node:6->3=94.83802032470703/Edge:5_<>7->2_<>6=0.0/Edge:2_<>4->0_<>8=0.0/Edge:eps_id->1_<>2=7.5/Node:1->5=90.0/Edge:0_<>6->eps_id=7.5/Edge:eps_id->0_<>7=7.5/Node:5->6=36.7967414855957/Edge:1_<>2->eps_id=7.5/Node:9->1=75.20804595947266/Edge:5_<>9->eps_id=7.5/Node:0->9=26.57536506652832/Edge:eps_id->4_<>9=7.5/Edge:eps_id->7_<>9=7.5/Node:3->7=90.0/Edge:1_<>3->eps_id=7.5/Node:8->4=90.0/Edge:5_<>8->eps_id=7.5/Edge:3_<>7->2_<>7=0.0/Node:7->2=90.0/Edge:0_<>2->eps_id=7.5/Edge:eps_id->3_<>4=7.5/Node:2->8=28.714109420776367/Node:4->0=90.0/
image7_38.gxl;image20_30.gxl;10;10;10;10;Distributed GED;-;810.36380;true;7;20;Edge:eps_id->6_<>8=15.0/Edge:5_<>9->2_<>6=0.0/Node:9->2=90.0/Node:eps_id->4=45.0/Node:3->5=90.0/Node:2->8=32.901371002197266/Node:6->7=90.0/Node:8->3=90.0/Edge:eps_id->1_<>2=7.5/Node:4->0=90.0/Edge:1_<>3->eps_id=7.5/Edge:6_<>9->2_<>7=0.0/Edge:0_<>6->7_<>9=0.0/Node:5->6=31.12073516845703/Edge:eps_id->0_<>7=7.5/Node:1->eps_id=45.0/Edge:3_<>7->eps_id=7.5/Edge:1_<>2->eps_id=7.5/Node:0->9=27.041635513305664/Edge:eps_id->1_<>3=7.5/Edge:eps_id->4_<>9=7.5/Edge:eps_id->3_<>4=7.5/Edge:0_<>2->eps_id=7.5/Edge:5_<>7->eps_id=7.5/Edge:2_<>4->0_<>8=0.0/Edge:5_<>8->eps_id=7.5/Node:7->1=81.80005645751953/
image7_48.gxl;image7_34.gxl;10;10;10;10;Distributed GED;-;307.01753;true;7;7;Node:1->6=36.989865/Node:3->4=29.614185/Edge:0_<>7->5_<>7=0.0/Node:7->7=30.01666/Node:6->9=28.111385/Node:2->8=32.68792/Edge:0_<>6->5_<>9=0.0/Edge:8_<>9->1_<>2=0.0/Node:8->1=23.92697/Edge:1_<>6->6_<>9=0.0/Edge:4_<>8->1_<>3=0.0/Edge:0_<>2->5_<>8=0.0/Edge:1_<>5->0_<>6=0.0/Edge:5_<>9->0_<>2=0.0/Edge:4_<>7->3_<>7=0.0/Node:9->2=30.602285/Edge:3_<>9->2_<>4=0.0/Node:0->5=36.87818/Node:4->3=30.203475/Node:5->0=27.986605/
image7_48.gxl;image7_37.gxl;10;10;10;10;Distributed GED;-;347.30452;true;7;7;Node:1->6=42.85149/Node:3->4=29.017235/Node:7->7=28.6531/Node:6->9=33.55965/Node:2->8=39.05125/Edge:0_<>6->5_<>9=0.0/Edge:3_<>9->2_<>4=0.0/Edge:4_<>7->3_<>7=0.0/Edge:1_<>6->6_<>9=0.0/Edge:0_<>2->5_<>8=0.0/Edge:1_<>5->0_<>6=0.0/Node:9->2=26.24881/Edge:0_<>7->5_<>7=0.0/Edge:5_<>9->0_<>2=0.0/Node:8->1=32.75668/Edge:8_<>9->1_<>2=0.0/Edge:4_<>8->1_<>3=0.0/Node:0->5=38.47077/Node:4->3=36.704905/Node:5->0=39.990625/
image7_48.gxl;image7_38.gxl;10;10;10;10;Distributed GED;-; 80.07524;true;7;7;Edge:3_<>9->2_<>4=0.0/Node:8->1=15.132745/Edge:5_<>9->0_<>2=0.0/Node:0->5=14.31782/Edge:4_<>7->3_<>7=0.0/Edge:8_<>9->1_<>2=0.0/Edge:1_<>5->0_<>6=0.0/Node:3->4=8.06226/Node:2->8=2.54951/Node:4->3=4.123105/Edge:0_<>2->5_<>8=0.0/Node:5->0=7.017835/Node:9->2=7.905695/Node:1->6=6.800735/Edge:0_<>7->5_<>7=0.0/Edge:1_<>6->6_<>9=0.0/Node:6->9=6.10328/Node:7->7=8.06226/Edge:0_<>6->5_<>9=0.0/Edge:4_<>8->1_<>3=0.0/
image7_48.gxl;image7_48.gxl;10;10;10;10;Distributed GED;-;  0.00000;true;7;7;Node:9->9=0.0/Edge:4_<>7->4_<>7=0.0/Edge:3_<>9->3_<>9=0.0/Edge:0_<>7->0_<>7=0.0/Edge:5_<>9->5_<>9=0.0/Node:5->5=0.0/Edge:0_<>2->0_<>2=0.0/Node:1->1=0.0/Node:3->3=0.0/Node:2->2=0.0/Node:4->4=0.0/Edge:4_<>8->4_<>8=0.0/Node:0->0=0.0/Node:7->7=0.0/Edge:0_<>6->0_<>6=0.0/Edge:8_<>9->8_<>9=0.0/Edge:1_<>5->1_<>5=0.0/Edge:1_<>6->1_<>6=0.0/Node:6->6=0.0/Node:8->8=0.0/
image7_48.gxl;image7_49.gxl;10;10;10;10;Distributed GED;-; 49.03380;true;7;7;Node:9->9=0.0/Edge:1_<>6->1_<>6=0.0/Edge:1_<>5->1_<>5=0.0/Edge:8_<>9->8_<>9=0.0/Node:7->7=10.29563/Edge:5_<>9->5_<>9=0.0/Node:5->5=5.147815/Node:8->8=0.707105/Edge:0_<>7->0_<>7=0.0/Node:0->0=13.43503/Edge:3_<>9->3_<>9=0.0/Edge:0_<>6->0_<>6=0.0/Node:4->4=2.23607/Edge:0_<>2->0_<>2=0.0/Edge:4_<>7->4_<>7=0.0/Edge:4_<>8->4_<>8=0.0/Node:1->1=0.707105/Node:3->3=9.43398/Node:2->2=6.36396/Node:6->6=0.707105/
image7_48.gxl;image7_50.gxl;10;10;10;10;Distributed GED;-; 55.72378;true;7;7;Edge:8_<>9->8_<>9=0.0/Edge:4_<>7->4_<>7=0.0/Edge:1_<>6->1_<>6=0.0/Node:8->8=8.06226/Edge:0_<>6->0_<>6=0.0/Edge:3_<>9->3_<>9=0.0/Edge:4_<>8->4_<>8=0.0/Edge:0_<>2->0_<>2=0.0/Node:0->0=11.04536/Node:1->1=0.707105/Node:2->2=4.949745/Edge:0_<>7->0_<>7=0.0/Node:6->6=8.24621/Node:5->5=2.828425/Node:9->9=9.219545/Edge:5_<>9->5_<>9=0.0/Node:3->3=0.707105/Edge:1_<>5->1_<>5=0.0/Node:4->4=4.301165/Node:7->7=5.656855/
image7_48.gxl;image9_35.gxl;10;10;10;10;Distributed GED;-;714.10217;true;7;9;Edge:eps_id->2_<>5=7.5/Edge:3_<>9->eps_id=7.5/Node:3->2=90.0/Node:0->9=90.0/Edge:1_<>6->eps_id=7.5/Node:1->6=66.15512084960938/Edge:eps_id->5_<>9=7.5/Edge:5_<>9->0_<>8=0.0/Node:9->0=90.0/Edge:0_<>7->eps_id=7.5/Edge:1_<>5->6_<>8=0.0/Edge:8_<>9->0_<>3=0.0/Node:eps_id->5=45.0/Node:7->4=36.96281814575195/Node:8->3=54.120235443115234/Node:4->1=26.504714965820312/Edge:eps_id->4_<>6=7.5/Edge:0_<>6->eps_id=7.5/Node:5->8=20.359275817871094/Edge:0_<>2->7_<>9=0.0/Edge:4_<>7->1_<>4=0.0/Node:6->eps_id=45.0/Edge:4_<>8->1_<>3=0.0/Node:2->7=90.0/Edge:eps_id->2_<>7=7.5/
image7_48.gxl;image9_39.gxl;10;10;10;10;Distributed GED;-;709.68370;true;7;9;Node:5->8=22.62741470336914/Edge:3_<>9->eps_id=7.5/Node:4->1=26.62705421447754/Edge:4_<>7->1_<>4=0.0/Edge:eps_id->2_<>5=7.5/Edge:1_<>6->eps_id=7.5/Edge:5_<>9->0_<>8=0.0/Edge:1_<>5->6_<>8=0.0/Edge:eps_id->7_<>9=7.5/Edge:0_<>7->eps_id=7.5/Node:eps_id->7=45.0/Edge:8_<>9->0_<>3=0.0/Edge:4_<>8->1_<>3=0.0/Edge:0_<>6->eps_id=7.5/Node:1->6=74.30342864990234/Node:7->4=29.88728904724121/Edge:eps_id->2_<>7=7.5/Node:6->eps_id=45.0/Edge:eps_id->4_<>6=7.5/Edge:0_<>2->5_<>9=0.0/Node:9->0=90.0/Node:3->2=90.0/Node:2->5=90.0/Node:8->3=46.23851013183594/Node:0->9=90.0/
image7_48.gxl;image20_22.gxl;10;10;10;10;Distributed GED;-;819.02891;true;7;20;Node:9->8=27.01851/Node:2->4=90.0/Edge:eps_id->4_<>9=7.5/Edge:1_<>5->eps_id=7.5/Edge:8_<>9->eps_id=7.5/Edge:4_<>8->eps_id=7.5/Node:4->7=90.0/Node:0->6=50.32892/Edge:eps_id->0_<>7=7.5/Edge:4_<>7->2_<>7=0.0/Node:6->1=75.16648/Node:5->9=27.513635/Edge:0_<>6->eps_id=7.5/Node:1->3=91.501365/Node:3->0=90.0/Edge:0_<>7->2_<>6=0.0/Edge:eps_id->7_<>9=7.5/Edge:eps_id->1_<>2=7.5/Edge:eps_id->6_<>8=15.0/Edge:1_<>6->1_<>3=0.0/Node:8->eps_id=45.0/Node:eps_id->5=45.0/Node:7->2=90.0/Edge:3_<>9->0_<>8=0.0/Edge:5_<>9->eps_id=7.5/Edge:0_<>2->eps_id=7.5/Edge:eps_id->3_<>4=7.5/
image7_48.gxl;image20_30.gxl;10;10;10;10;Distributed GED;-;822.32874;true;7;20;Node:1->3=97.25225067138672/Node:eps_id->5=45.0/Edge:1_<>5->eps_id=7.5/Edge:eps_id->6_<>8=15.0/Edge:5_<>9->eps_id=7.5/Node:4->7=90.0/Edge:4_<>7->2_<>7=0.0/Node:7->2=90.0/Node:6->1=73.75635528564453/Edge:eps_id->3_<>4=7.5/Node:3->0=90.0/Node:0->6=44.749298095703125/Edge:0_<>6->eps_id=7.5/Edge:eps_id->4_<>9=7.5/Edge:3_<>9->0_<>8=0.0/Edge:eps_id->1_<>2=7.5/Edge:4_<>8->eps_id=7.5/Node:9->8=31.240999221801758/Edge:eps_id->7_<>9=7.5/Edge:8_<>9->eps_id=7.5/Edge:0_<>7->2_<>6=0.0/Edge:eps_id->0_<>7=7.5/Node:5->9=27.8298397064209/Node:2->4=90.0/Edge:1_<>6->1_<>3=0.0/Node:8->eps_id=45.0/Edge:0_<>2->eps_id=7.5/
image7_49.gxl;image7_34.gxl;10;10;10;10;Distributed GED;-;304.49633;true;7;7;Node:9->2=30.602285/Edge:4_<>7->3_<>7=0.0/Edge:3_<>9->2_<>4=0.0/Edge:0_<>7->5_<>7=0.0/Edge:5_<>9->0_<>2=0.0/Node:5->0=22.98369/Edge:0_<>2->5_<>8=0.0/Node:1->6=37.40655/Node:3->4=36.769555/Node:2->8=29.12044/Node:4->3=31.84729/Edge:4_<>8->1_<>3=0.0/Node:0->5=26.54242/Node:7->7=36.40055/Edge:0_<>6->5_<>9=0.0/Edge:8_<>9->1_<>2=0.0/Edge:1_<>5->0_<>6=0.0/Edge:1_<>6->6_<>9=0.0/Node:6->9=28.65746/Node:8->1=24.16609/
image7_49.gxl;image7_37.gxl;10;10;10;10;Distributed GED;-;344.55970;true;7;7;Edge:3_<>9->2_<>4=0.0/Node:8->1=32.93175/Edge:5_<>9->0_<>2=0.0/Node:0->5=28.71411/Edge:4_<>7->3_<>7=0.0/Edge:8_<>9->1_<>2=0.0/Edge:1_<>5->0_<>6=0.0/Node:3->4=34.71311/Node:2->8=36.117865/Node:4->3=38.46102/Edge:0_<>2->5_<>8=0.0/Node:5->0=35.00357/Node:9->2=26.24881/Node:1->6=43.16538/Edge:0_<>7->5_<>7=0.0/Edge:1_<>6->6_<>9=0.0/Node:6->9=34.03307/Node:7->7=35.17101/Edge:0_<>6->5_<>9=0.0/Edge:4_<>8->1_<>3=0.0/
image7_49.gxl;image7_38.gxl;10;10;10;10;Distributed GED;-; 75.13079;true;7;7;Node:9->2=7.905695/Edge:4_<>7->3_<>7=0.0/Edge:3_<>9->2_<>4=0.0/Edge:0_<>7->5_<>7=0.0/Edge:5_<>9->0_<>2=0.0/Node:5->0=6.020795/Edge:0_<>2->5_<>8=0.0/Node:1->6=6.10328/Node:3->4=12.64911/Node:2->8=8.602325/Node:4->3=2.0/Edge:4_<>8->1_<>3=0.0/Node:0->5=4.949745/Node:7->7=5.385165/Edge:0_<>6->5_<>9=0.0/Edge:8_<>9->1_<>2=0.0/Edge:1_<>5->0_<>6=0.0/Edge:1_<>6->6_<>9=0.0/Node:6->9=6.800735/Node:8->1=14.71394/
image7_49.gxl;image7_48.gxl;10;10;10;10;Distributed GED;-; 49.03380;true;7;7;Edge:3_<>9->3_<>9=0.0/Node:7->7=10.29563/Node:6->6=0.707105/Edge:0_<>7->0_<>7=0.0/Edge:8_<>9->8_<>9=0.0/Edge:1_<>5->1_<>5=0.0/Edge:4_<>8->4_<>8=0.0/Edge:4_<>7->4_<>7=0.0/Node:1->1=0.707105/Edge:5_<>9->5_<>9=0.0/Node:0->0=13.43503/Edge:1_<>6->1_<>6=0.0/Node:5->5=5.147815/Node:3->3=9.43398/Node:8->8=0.707105/Node:9->9=0.0/Node:2->2=6.36396/Node:4->4=2.23607/Edge:0_<>2->0_<>2=0.0/Edge:0_<>6->0_<>6=0.0/
image7_49.gxl;image7_49.gxl;10;10;10;10;Distributed GED;-;  0.00000;true;7;7;Node:8->8=0.0/Node:7->7=0.0/Edge:4_<>8->4_<>8=0.0/Edge:1_<>6->1_<>6=0.0/Edge:5_<>9->5_<>9=0.0/Node:9->9=0.0/Node:3->3=0.0/Node:1->1=0.0/Node:2->2=0.0/Node:0->0=0.0/Edge:0_<>2->0_<>2=0.0/Edge:4_<>7->4_<>7=0.0/Edge:0_<>6->0_<>6=0.0/Edge:1_<>5->1_<>5=0.0/Edge:3_<>9->3_<>9=0.0/Edge:8_<>9->8_<>9=0.0/Node:4->4=0.0/Node:6->6=0.0/Node:5->5=0.0/Edge:0_<>7->0_<>7=0.0/
image7_49.gxl;image7_50.gxl;10;10;10;10;Distributed GED;-; 59.97155;true;7;7;Node:8->8=7.64853/Edge:0_<>2->0_<>2=0.0/Node:2->2=1.414215/Edge:3_<>9->3_<>9=0.0/Edge:4_<>7->4_<>7=0.0/Node:0->0=8.63134/Edge:1_<>6->1_<>6=0.0/Node:4->4=2.12132/Node:1->1=0.0/Node:5->5=7.905695/Edge:0_<>6->0_<>6=0.0/Node:3->3=9.30054/Node:7->7=5.09902/Edge:5_<>9->5_<>9=0.0/Edge:1_<>5->1_<>5=0.0/Edge:8_<>9->8_<>9=0.0/Edge:0_<>7->0_<>7=0.0/Node:6->6=8.63134/Edge:4_<>8->4_<>8=0.0/Node:9->9=9.219545/
image7_49.gxl;image9_35.gxl;10;10;10;10;Distributed GED;-;717.95320;true;7;9;Edge:eps_id->4_<>6=7.5/Node:7->4=39.38591003417969/Edge:8_<>9->0_<>3=0.0/Edge:3_<>9->eps_id=7.5/Node:1->6=66.85057830810547/Edge:eps_id->5_<>9=7.5/Node:0->9=90.0/Node:eps_id->5=45.0/Node:3->2=90.0/Edge:0_<>7->eps_id=7.5/Edge:0_<>6->eps_id=7.5/Edge:5_<>9->0_<>8=0.0/Edge:4_<>7->1_<>4=0.0/Node:8->3=54.795074462890625/Node:2->7=90.0/Edge:eps_id->2_<>5=7.5/Node:5->8=21.377559661865234/Node:6->eps_id=45.0/Edge:4_<>8->1_<>3=0.0/Edge:1_<>6->eps_id=7.5/Edge:eps_id->2_<>7=7.5/Node:9->0=90.0/Edge:0_<>2->7_<>9=0.0/Node:4->1=25.54408073425293/Edge:1_<>5->6_<>8=0.0/
image7_49.gxl;image9_39.gxl;10;10;10;10;Distributed GED;-;713.57420;true;7;9;Edge:eps_id->4_<>6=7.5/Node:7->4=33.5/Node:8->3=46.88816452026367/Edge:0_<>7->eps_id=7.5/Edge:1_<>6->eps_id=7.5/Edge:3_<>9->eps_id=7.5/Node:9->0=90.0/Node:5->8=21.78302001953125/Edge:eps_id->2_<>7=7.5/Edge:eps_id->5_<>9=7.5/Node:2->7=90.0/Node:6->eps_id=45.0/Node:3->2=90.0/Edge:0_<>2->7_<>9=0.0/Edge:8_<>9->0_<>3=0.0/Node:1->6=74.98332977294922/Node:eps_id->5=45.0/Edge:eps_id->2_<>5=7.5/Edge:1_<>5->6_<>8=0.0/Edge:5_<>9->0_<>8=0.0/Edge:4_<>7->1_<>4=0.0/Node:0->9=90.0/Edge:4_<>8->1_<>3=0.0/Edge:0_<>6->eps_id=7.5/Node:4->1=26.419689178466797/
image7_49.gxl;image20_22.gxl;10;10;10;10;Distributed GED;-;809.88246;true;7;20;Edge:4_<>8->eps_id=7.5/Edge:1_<>6->1_<>3=0.0/Edge:eps_id->7_<>9=7.5/Edge:5_<>9->eps_id=7.5/Node:7->2=90.0/Edge:3_<>9->0_<>8=0.0/Edge:eps_id->6_<>8=15.0/Edge:eps_id->4_<>9=7.5/Edge:eps_id->1_<>2=7.5/Edge:0_<>7->2_<>6=0.0/Edge:eps_id->3_<>4=7.5/Node:1->3=91.92388/Node:2->4=90.0/Node:9->8=27.01851/Node:0->6=36.93914/Edge:0_<>2->eps_id=7.5/Edge:0_<>6->eps_id=7.5/Edge:1_<>5->eps_id=7.5/Edge:eps_id->0_<>7=7.5/Edge:4_<>7->2_<>7=0.0/Edge:8_<>9->eps_id=7.5/Node:8->eps_id=45.0/Node:3->0=90.0/Node:5->9=31.18493/Node:4->7=90.0/Node:eps_id->5=45.0/Node:6->1=75.316/
image7_49.gxl;image20_30.gxl;10;10;10;10;Distributed GED;-;812.29144;true;7;20;Node:6->2=90.0/Node:1->7=90.0/Edge:eps_id->0_<>7=7.5/Edge:0_<>7->eps_id=7.5/Edge:eps_id->4_<>9=7.5/Node:9->8=31.240999221801758/Node:eps_id->4=45.0/Edge:1_<>5->7_<>9=0.0/Edge:0_<>6->2_<>6=0.0/Edge:8_<>9->eps_id=7.5/Edge:4_<>7->eps_id=7.5/Node:4->5=90.0/Edge:eps_id->1_<>3=7.5/Edge:1_<>6->2_<>7=0.0/Node:7->1=80.57450103759766/Edge:eps_id->3_<>4=7.5/Node:2->3=90.0/Node:3->0=90.0/Edge:0_<>2->eps_id=7.5/Edge:eps_id->1_<>2=7.5/Edge:eps_id->6_<>8=15.0/Edge:3_<>9->0_<>8=0.0/Node:8->eps_id=45.0/Node:5->9=31.575305938720703/Edge:4_<>8->eps_id=7.5/Node:0->6=31.400634765625/Edge:5_<>9->eps_id=7.5/
image7_50.gxl;image7_34.gxl;10;10;10;10;Distributed GED;-;306.10278;true;7;7;Edge:5_<>9->0_<>2=0.0/Edge:0_<>7->5_<>7=0.0/Edge:0_<>6->5_<>9=0.0/Edge:4_<>7->3_<>7=0.0/Node:6->9=20.5/Node:9->2=36.77635/Node:8->1=20.651875/Node:2->8=29.83287/Node:0->5=35.128335/Edge:8_<>9->1_<>2=0.0/Node:1->6=37.40655/Node:7->7=31.95309/Edge:1_<>5->0_<>6=0.0/Node:4->3=33.81198/Edge:4_<>8->1_<>3=0.0/Edge:3_<>9->2_<>4=0.0/Edge:0_<>2->5_<>8=0.0/Node:5->0=30.8099/Node:3->4=29.23183/Edge:1_<>6->6_<>9=0.0/
image7_50.gxl;image7_37.gxl;10;10;10;10;Distributed GED;-;344.64488;true;7;7;Edge:5_<>9->0_<>2=0.0/Edge:4_<>7->3_<>7=0.0/Edge:1_<>6->6_<>9=0.0/Node:9->2=31.016125/Node:8->1=28.4605/Node:3->4=28.504385/Node:1->6=43.16538/Node:2->8=36.694685/Edge:8_<>9->1_<>2=0.0/Node:0->5=37.33631/Edge:0_<>2->5_<>8=0.0/Edge:0_<>7->5_<>7=0.0/Edge:0_<>6->5_<>9=0.0/Edge:1_<>5->0_<>6=0.0/Edge:4_<>8->1_<>3=0.0/Edge:3_<>9->2_<>4=0.0/Node:4->3=40.4753/Node:6->9=25.5/Node:5->0=42.81647/Node:7->7=30.675725/
image7_50.gxl;image7_38.gxl;10;10;10;10;Distributed GED;-; 83.26354;true;7;7;Node:2->8=7.211105/Edge:1_<>6->6_<>9=0.0/Edge:0_<>6->5_<>9=0.0/Node:5->0=9.34077/Node:0->5=13.0/Edge:1_<>5->0_<>6=0.0/Edge:3_<>9->2_<>4=0.0/Edge:0_<>7->5_<>7=0.0/Node:6->9=6.26498/Edge:4_<>7->3_<>7=0.0/Node:1->6=6.10328/Node:4->3=1.58114/Node:9->2=10.5119/Node:7->7=3.0/Edge:5_<>9->0_<>2=0.0/Node:8->1=18.86796/Edge:8_<>9->1_<>2=0.0/Edge:4_<>8->1_<>3=0.0/Edge:0_<>2->5_<>8=0.0/Node:3->4=7.38241/
image7_50.gxl;image7_48.gxl;10;10;10;10;Distributed GED;-; 55.72378;true;7;7;Edge:4_<>8->4_<>8=0.0/Edge:0_<>7->0_<>7=0.0/Node:9->9=9.219545/Node:7->7=5.656855/Edge:8_<>9->8_<>9=0.0/Edge:3_<>9->3_<>9=0.0/Node:4->4=4.301165/Node:2->2=4.949745/Node:0->0=11.04536/Edge:0_<>2->0_<>2=0.0/Node:1->1=0.707105/Node:3->3=0.707105/Node:8->8=8.06226/Edge:1_<>6->1_<>6=0.0/Node:6->6=8.24621/Edge:5_<>9->5_<>9=0.0/Node:5->5=2.828425/Edge:0_<>6->0_<>6=0.0/Edge:1_<>5->1_<>5=0.0/Edge:4_<>7->4_<>7=0.0/
image7_50.gxl;image7_49.gxl;10;10;10;10;Distributed GED;-; 59.97155;true;7;7;Node:8->8=7.64853/Node:7->7=5.09902/Edge:4_<>8->4_<>8=0.0/Edge:1_<>6->1_<>6=0.0/Edge:5_<>9->5_<>9=0.0/Node:9->9=9.219545/Node:3->3=9.30054/Node:1->1=0.0/Node:2->2=1.414215/Node:0->0=8.63134/Edge:0_<>2->0_<>2=0.0/Edge:4_<>7->4_<>7=0.0/Edge:0_<>6->0_<>6=0.0/Edge:1_<>5->1_<>5=0.0/Edge:3_<>9->3_<>9=0.0/Edge:8_<>9->8_<>9=0.0/Node:4->4=2.12132/Node:6->6=8.63134/Node:5->5=7.905695/Edge:0_<>7->0_<>7=0.0/
image7_50.gxl;image7_50.gxl;10;10;10;10;Distributed GED;-;  0.00000;true;7;7;Node:1->1=0.0/Node:3->3=0.0/Edge:0_<>7->0_<>7=0.0/Node:7->7=0.0/Node:6->6=0.0/Node:2->2=0.0/Edge:0_<>6->0_<>6=0.0/Edge:8_<>9->8_<>9=0.0/Node:8->8=0.0/Edge:1_<>6->1_<>6=0.0/Edge:4_<>8->4_<>8=0.0/Edge:0_<>2->0_<>2=0.0/Edge:1_<>5->1_<>5=0.0/Edge:5_<>9->5_<>9=0.0/Edge:4_<>7->4_<>7=0.0/Node:9->9=0.0/Edge:3_<>9->3_<>9=0.0/Node:0->0=0.0/Node:4->4=0.0/Node:5->5=0.0/
image7_50.gxl;image9_35.gxl;10;10;10;10;Distributed GED;-;722.21419;true;7;9;Node:1->6=66.85057830810547/Edge:4_<>8->1_<>3=0.0/Node:3->2=90.0/Edge:eps_id->5_<>9=7.5/Node:7->4=39.42397689819336/Node:2->7=90.0/Edge:eps_id->2_<>7=7.5/Node:9->0=90.0/Node:8->3=60.926185607910156/Node:5->8=19.557605743408203/Node:6->eps_id=45.0/Edge:4_<>7->1_<>4=0.0/Edge:eps_id->4_<>6=7.5/Node:0->9=90.0/Edge:1_<>6->eps_id=7.5/Node:4->1=25.45584487915039/Edge:8_<>9->0_<>3=0.0/Edge:5_<>9->0_<>8=0.0/Edge:0_<>6->eps_id=7.5/Node:eps_id->5=45.0/Edge:eps_id->2_<>5=7.5/Edge:0_<>2->7_<>9=0.0/Edge:3_<>9->eps_id=7.5/Edge:0_<>7->eps_id=7.5/Edge:1_<>5->6_<>8=0.0/
image7_50.gxl;image9_39.gxl;10;10;10;10;Distributed GED;-;721.18485;true;7;9;Edge:4_<>7->1_<>4=0.0/Edge:0_<>7->eps_id=7.5/Node:8->3=53.45090866088867/Edge:8_<>9->0_<>3=0.0/Edge:eps_id->2_<>7=7.5/Edge:5_<>9->0_<>8=0.0/Node:6->eps_id=45.0/Edge:1_<>6->eps_id=7.5/Edge:1_<>5->6_<>8=0.0/Edge:eps_id->7_<>9=7.5/Edge:3_<>9->eps_id=7.5/Node:4->1=27.064735412597656/Node:1->6=74.98332977294922/Node:7->4=32.88236618041992/Edge:0_<>6->eps_id=7.5/Node:eps_id->7=45.0/Node:0->9=90.0/Node:5->8=22.803510665893555/Node:3->2=90.0/Edge:4_<>8->1_<>3=0.0/Node:9->0=90.0/Edge:eps_id->4_<>6=7.5/Edge:eps_id->2_<>5=7.5/Edge:0_<>2->5_<>9=0.0/Node:2->5=90.0/
image7_50.gxl;image20_22.gxl;10;10;10;10;Distributed GED;-;826.39616;true;7;20;Node:9->8=36.124785/Node:7->2=90.0/Node:6->1=81.400245/Edge:8_<>9->eps_id=7.5/Edge:0_<>7->2_<>6=0.0/Edge:5_<>9->eps_id=7.5/Node:eps_id->5=45.0/Edge:eps_id->7_<>9=7.5/Node:8->eps_id=45.0/Edge:4_<>7->2_<>7=0.0/Node:3->0=90.0/Node:2->4=90.0/Node:0->6=43.046485/Edge:0_<>2->eps_id=7.5/Edge:3_<>9->0_<>8=0.0/Node:1->3=91.92388/Edge:eps_id->3_<>4=7.5/Edge:1_<>6->1_<>3=0.0/Edge:eps_id->4_<>9=7.5/Node:5->9=26.40076/Edge:eps_id->1_<>2=7.5/Edge:eps_id->6_<>8=15.0/Edge:4_<>8->eps_id=7.5/Node:4->7=90.0/Edge:1_<>5->eps_id=7.5/Edge:eps_id->0_<>7=7.5/Edge:0_<>6->eps_id=7.5/
image7_50.gxl;image20_30.gxl;10;10;10;10;Distributed GED;-;826.53301;true;7;20;Edge:0_<>7->eps_id=7.5/Edge:eps_id->4_<>9=7.5/Edge:eps_id->6_<>8=15.0/Node:4->eps_id=45.0/Node:8->eps_id=45.0/Node:2->3=90.0/Edge:eps_id->1_<>2=7.5/Node:eps_id->4=45.0/Node:eps_id->5=45.0/Edge:0_<>6->2_<>6=0.0/Edge:5_<>9->eps_id=7.5/Edge:eps_id->3_<>4=7.5/Node:3->0=90.0/Edge:1_<>6->2_<>7=0.0/Node:7->1=84.221435546875/Node:5->9=26.65520477294922/Node:1->7=90.0/Edge:0_<>2->eps_id=7.5/Edge:1_<>5->7_<>9=0.0/Edge:4_<>8->eps_id=7.5/Node:9->8=40.360870361328125/Edge:eps_id->1_<>3=7.5/Edge:3_<>9->0_<>8=0.0/Edge:4_<>7->eps_id=7.5/Node:6->2=90.0/Edge:eps_id->0_<>7=7.5/Edge:8_<>9->eps_id=7.5/Node:0->6=37.795501708984375/
image9_35.gxl;image7_34.gxl;10;10;10;10;Distributed GED;-;765.81527;true;9;7;Edge:7_<>9->eps_id=7.5/Edge:2_<>7->5_<>8=0.0/Node:6->6=60.508265/Edge:eps_id->6_<>9=7.5/Node:8->0=39.05445/Edge:eps_id->5_<>9=7.5/Edge:eps_id->2_<>4=7.5/Node:9->eps_id=45.0/Edge:0_<>8->0_<>2=0.0/Edge:1_<>3->1_<>3=0.0/Node:2->5=90.0/Node:0->2=90.0/Node:3->1=58.604605/Node:eps_id->9=45.0/Node:1->3=34.07712/Edge:0_<>3->1_<>2=0.0/Node:7->8=90.0/Edge:2_<>5->eps_id=7.5/Edge:eps_id->5_<>7=7.5/Edge:6_<>8->0_<>6=0.0/Edge:5_<>9->eps_id=7.5/Node:4->7=63.570825/Node:5->4=90.0/Edge:1_<>4->3_<>7=0.0/Edge:4_<>6->eps_id=7.5/
image9_35.gxl;image7_37.gxl;10;10;10;10;Distributed GED;-;796.60737;true;9;7;Edge:2_<>7->eps_id=7.5/Edge:eps_id->6_<>9=7.5/Edge:0_<>8->0_<>2=0.0/Node:2->8=90.0/Edge:eps_id->2_<>4=7.5/Node:0->2=90.0/Node:7->4=90.0/Edge:2_<>5->5_<>8=0.0/Edge:5_<>9->eps_id=7.5/Edge:eps_id->5_<>9=7.5/Node:6->6=68.56565856933594/Edge:1_<>3->1_<>3=0.0/Node:8->0=50.11237335205078/Node:eps_id->9=45.0/Node:9->eps_id=45.0/Edge:4_<>6->eps_id=7.5/Edge:7_<>9->eps_id=7.5/Node:3->1=65.06919860839844/Edge:6_<>8->0_<>6=0.0/Node:5->5=90.0/Edge:1_<>4->3_<>7=0.0/Node:4->7=62.163089752197266/Edge:eps_id->5_<>7=7.5/Node:1->3=40.69704818725586/Edge:0_<>3->1_<>2=0.0/
image9_35.gxl;image7_38.gxl;10;10;10;10;Distributed GED;-;736.66302;true;9;7;Node:6->6=72.60337829589844/Node:5->5=90.0/Node:4->7=42.323158264160156/Edge:eps_id->2_<>4=7.5/Node:7->4=90.0/Edge:7_<>9->eps_id=7.5/Node:1->3=24.052024841308594/Edge:4_<>6->eps_id=7.5/Edge:0_<>3->1_<>2=0.0/Edge:eps_id->5_<>9=7.5/Node:0->2=90.0/Edge:6_<>8->0_<>6=0.0/Node:9->eps_id=45.0/Node:3->1=60.95900344848633/Edge:2_<>7->eps_id=7.5/Edge:eps_id->5_<>7=7.5/Node:eps_id->9=45.0/Edge:2_<>5->5_<>8=0.0/Edge:0_<>8->0_<>2=0.0/Edge:5_<>9->eps_id=7.5/Edge:eps_id->6_<>9=7.5/Node:8->0=26.725454330444336/Node:2->8=90.0/Edge:1_<>3->1_<>3=0.0/Edge:1_<>4->3_<>7=0.0/
image9_35.gxl;image7_48.gxl;10;10;10;10;Distributed GED;-;714.10217;true;9;7;Edge:eps_id->0_<>7=7.5/Edge:7_<>9->0_<>2=0.0/Node:2->eps_id=45.0/Node:6->1=66.15512084960938/Edge:0_<>8->5_<>9=0.0/Node:7->2=90.0/Edge:eps_id->1_<>6=7.5/Edge:2_<>7->eps_id=7.5/Node:eps_id->6=45.0/Edge:6_<>8->1_<>5=0.0/Node:0->9=90.0/Node:4->7=36.96281814575195/Edge:1_<>3->4_<>8=0.0/Node:3->8=54.120235443115234/Edge:eps_id->0_<>6=7.5/Edge:4_<>6->eps_id=7.5/Node:eps_id->3=45.0/Node:1->4=26.504714965820312/Node:9->0=90.0/Edge:1_<>4->4_<>7=0.0/Edge:eps_id->3_<>9=7.5/Node:5->eps_id=45.0/Edge:2_<>5->eps_id=7.5/Edge:5_<>9->eps_id=7.5/Node:8->5=20.359275817871094/Edge:0_<>3->8_<>9=0.0/
image9_35.gxl;image7_49.gxl;10;10;10;10;Distributed GED;-;717.95320;true;9;7;Edge:2_<>7->eps_id=7.5/Node:9->0=90.0/Node:0->9=90.0/Node:5->eps_id=45.0/Node:eps_id->3=45.0/Node:3->8=54.795074462890625/Edge:1_<>3->4_<>8=0.0/Edge:7_<>9->0_<>2=0.0/Node:6->1=66.85057830810547/Edge:eps_id->3_<>9=7.5/Edge:eps_id->1_<>6=7.5/Edge:5_<>9->eps_id=7.5/Node:4->7=39.38591003417969/Node:8->5=21.377559661865234/Node:1->4=25.54408073425293/Edge:1_<>4->4_<>7=0.0/Node:eps_id->6=45.0/Edge:0_<>3->8_<>9=0.0/Edge:eps_id->0_<>6=7.5/Edge:6_<>8->1_<>5=0.0/Node:2->eps_id=45.0/Edge:0_<>8->5_<>9=0.0/Edge:2_<>5->eps_id=7.5/Node:7->2=90.0/Edge:4_<>6->eps_id=7.5/Edge:eps_id->0_<>7=7.5/
image9_35.gxl;image7_50.gxl;10;10;10;10;Distributed GED;-;722.21419;true;9;7;Edge:4_<>6->eps_id=7.5/Edge:5_<>9->eps_id=7.5/Edge:2_<>5->eps_id=7.5/Node:5->eps_id=45.0/Edge:0_<>8->5_<>9=0.0/Edge:7_<>9->0_<>2=0.0/Edge:eps_id->0_<>6=7.5/Node:2->eps_id=45.0/Edge:0_<>3->8_<>9=0.0/Edge:eps_id->3_<>9=7.5/Edge:eps_id->1_<>6=7.5/Node:eps_id->3=45.0/Node:0->9=90.0/Edge:2_<>7->eps_id=7.5/Edge:1_<>3->4_<>8=0.0/Edge:eps_id->0_<>7=7.5/Node:eps_id->6=45.0/Node:7->0=90.0/Node:1->4=25.45584487915039/Node:6->1=66.85057830810547/Node:4->7=39.42397689819336/Edge:6_<>8->1_<>5=0.0/Node:3->8=60.926185607910156/Edge:1_<>4->4_<>7=0.0/Node:9->2=90.0/Node:8->5=19.557605743408203/
image9_35.gxl;image9_35.gxl;10;10;10;10;Distributed GED;-;  0.00000;true;9;9;Edge:5_<>9->5_<>9=0.0/Node:7->7=0.0/Edge:2_<>5->2_<>5=0.0/Edge:2_<>7->2_<>7=0.0/Node:5->5=0.0/Edge:6_<>8->6_<>8=0.0/Node:8->8=0.0/Node:2->2=0.0/Node:0->0=0.0/Edge:7_<>9->7_<>9=0.0/Node:1->1=0.0/Edge:4_<>6->4_<>6=0.0/Edge:1_<>4->1_<>4=0.0/Edge:1_<>3->1_<>3=0.0/Edge:0_<>8->0_<>8=0.0/Node:9->9=0.0/Node:3->3=0.0/Node:4->4=0.0/Edge:0_<>3->0_<>3=0.0/Node:6->6=0.0/
image9_35.gxl;image9_39.gxl;10;10;10;10;Distributed GED;-; 83.88512;true;9;9;Edge:6_<>8->6_<>8=0.0/Edge:2_<>7->2_<>7=0.0/Node:9->9=1.414215/Node:7->7=19.79899/Edge:5_<>9->5_<>9=0.0/Node:4->4=7.778175/Node:3->3=9.43398/Node:1->1=9.19239/Edge:0_<>3->0_<>3=0.0/Node:2->2=3.535535/Edge:1_<>3->1_<>3=0.0/Edge:0_<>8->0_<>8=0.0/Node:0->0=5.0/Edge:4_<>6->4_<>6=0.0/Edge:2_<>5->2_<>5=0.0/Edge:7_<>9->7_<>9=0.0/Edge:1_<>4->1_<>4=0.0/Node:6->6=10.6066/Node:5->5=9.219545/Node:8->8=7.905695/
image9_35.gxl;image20_22.gxl;10;10;10;10;Distributed GED;-;697.03150;true;9;20;Edge:2_<>5->eps_id=7.5/Node:1->6=90.0/Node:8->9=44.11915588378906/Node:7->8=90.0/Node:2->eps_id=45.0/Node:eps_id->5=45.0/Node:5->4=8.746430397033691/Edge:eps_id->7_<>9=7.5/Edge:0_<>8->eps_id=7.5/Edge:eps_id->4_<>9=7.5/Node:3->7=90.0/Edge:1_<>4->2_<>6=0.0/Node:6->1=47.76243591308594/Edge:eps_id->2_<>7=7.5/Edge:4_<>6->1_<>2=0.0/Edge:5_<>9->3_<>4=0.0/Edge:eps_id->1_<>3=7.5/Node:9->3=3.5355350971221924/Edge:2_<>7->eps_id=7.5/Edge:eps_id->6_<>8=15.0/Node:4->2=90.0/Edge:6_<>8->eps_id=7.5/Edge:1_<>3->eps_id=7.5/Edge:0_<>3->0_<>7=0.0/Edge:eps_id->0_<>8=7.5/Node:0->0=45.36793899536133/Edge:7_<>9->eps_id=7.5/
image9_35.gxl;image20_30.gxl;10;10;10;10;Distributed GED;-;720.62536;true;9;20;Edge:4_<>6->eps_id=7.5/Node:8->9=44.204071044921875/Node:5->4=8.544005393981934/Edge:2_<>7->eps_id=7.5/Edge:5_<>9->3_<>4=0.0/Edge:eps_id->1_<>2=7.5/Edge:eps_id->6_<>8=15.0/Edge:1_<>4->2_<>6=0.0/Edge:2_<>5->eps_id=7.5/Edge:1_<>3->2_<>7=0.0/Node:1->2=90.0/Edge:6_<>8->eps_id=7.5/Node:0->0=53.115440368652344/Edge:eps_id->1_<>3=7.5/Node:9->3=9.848859786987305/Node:7->8=90.0/Node:3->7=90.0/Edge:eps_id->0_<>8=7.5/Edge:0_<>3->0_<>7=0.0/Node:6->1=57.41297912597656/Edge:eps_id->4_<>9=7.5/Edge:eps_id->7_<>9=7.5/Node:eps_id->5=45.0/Edge:7_<>9->eps_id=7.5/Node:4->6=90.0/Edge:0_<>8->eps_id=7.5/Node:2->eps_id=45.0/
image9_39.gxl;image7_34.gxl;10;10;10;10;Distributed GED;-;751.21464;true;9;7;Node:9->eps_id=45.0/Edge:4_<>6->eps_id=7.5/Edge:2_<>5->eps_id=7.5/Node:eps_id->9=45.0/Node:7->8=90.0/Edge:7_<>9->eps_id=7.5/Edge:eps_id->6_<>9=7.5/Node:5->4=90.0/Edge:0_<>8->0_<>2=0.0/Edge:2_<>7->5_<>8=0.0/Node:3->1=53.68892/Node:0->2=90.0/Node:1->3=25.831185/Edge:5_<>9->eps_id=7.5/Node:2->5=90.0/Node:6->6=71.00176/Edge:eps_id->5_<>7=7.5/Node:4->7=55.83234/Node:8->0=34.860435/Edge:eps_id->5_<>9=7.5/Edge:6_<>8->0_<>6=0.0/Edge:0_<>3->1_<>2=0.0/Edge:1_<>4->3_<>7=0.0/Edge:1_<>3->1_<>3=0.0/Edge:eps_id->2_<>4=7.5/
image9_39.gxl;image7_37.gxl;10;10;10;10;Distributed GED;-;781.75266;true;9;7;Edge:4_<>6->eps_id=7.5/Edge:1_<>4->3_<>7=0.0/Edge:7_<>9->eps_id=7.5/Node:4->7=54.42655563354492/Edge:eps_id->6_<>9=7.5/Node:6->6=79.12805938720703/Edge:5_<>9->eps_id=7.5/Edge:1_<>3->1_<>3=0.0/Node:2->8=90.0/Edge:0_<>8->0_<>2=0.0/Edge:eps_id->2_<>4=7.5/Node:3->1=61.0/Edge:eps_id->5_<>7=7.5/Node:8->0=45.06938934326172/Edge:2_<>5->5_<>8=0.0/Edge:2_<>7->eps_id=7.5/Edge:0_<>3->1_<>2=0.0/Node:9->eps_id=45.0/Node:5->5=90.0/Node:eps_id->9=45.0/Edge:eps_id->5_<>9=7.5/Edge:6_<>8->0_<>6=0.0/Node:0->2=90.0/Node:1->3=32.1286506652832/Node:7->4=90.0/
image9_39.gxl;image7_38.gxl;10;10;10;10;Distributed GED;-;731.60909;true;9;7;Edge:6_<>8->0_<>6=0.0/Node:3->1=52.00961685180664/Node:8->0=27.735355377197266/Edge:5_<>9->eps_id=7.5/Node:1->3=25.495100021362305/Node:6->6=80.51863098144531/Edge:eps_id->5_<>7=7.5/Node:0->2=90.0/Node:eps_id->9=45.0/Edge:1_<>3->1_<>3=0.0/Edge:2_<>5->5_<>8=0.0/Edge:eps_id->2_<>4=7.5/Edge:2_<>7->eps_id=7.5/Node:5->5=90.0/Node:4->7=35.85038375854492/Node:2->8=90.0/Edge:4_<>6->eps_id=7.5/Edge:7_<>9->eps_id=7.5/Edge:1_<>4->3_<>7=0.0/Edge:eps_id->5_<>9=7.5/Edge:eps_id->6_<>9=7.5/Node:7->4=90.0/Edge:0_<>3->1_<>2=0.0/Edge:0_<>8->0_<>2=0.0/Node:9->eps_id=45.0/
image9_39.gxl;image7_48.gxl;10;10;10;10;Distributed GED;-;709.68370;true;9;7;Edge:1_<>3->4_<>8=0.0/Edge:4_<>6->eps_id=7.5/Node:0->9=90.0/Node:6->1=74.30342864990234/Node:eps_id->3=45.0/Node:1->4=26.62705421447754/Node:4->7=29.88728904724121/Edge:5_<>9->eps_id=7.5/Edge:1_<>4->4_<>7=0.0/Edge:eps_id->3_<>9=7.5/Edge:eps_id->1_<>6=7.5/Node:8->5=22.62741470336914/Edge:2_<>5->eps_id=7.5/Edge:6_<>8->1_<>5=0.0/Node:3->8=46.23851013183594/Node:5->eps_id=45.0/Node:eps_id->6=45.0/Edge:0_<>3->8_<>9=0.0/Edge:eps_id->0_<>6=7.5/Node:2->eps_id=45.0/Node:9->0=90.0/Edge:0_<>8->5_<>9=0.0/Edge:2_<>7->eps_id=7.5/Edge:7_<>9->0_<>2=0.0/Edge:eps_id->0_<>7=7.5/Node:7->2=90.0/
image9_39.gxl;image7_49.gxl;10;10;10;10;Distributed GED;-;713.57420;true;9;7;Edge:4_<>6->eps_id=7.5/Node:8->5=21.78302001953125/Node:3->8=46.88816452026367/Edge:1_<>3->4_<>8=0.0/Edge:0_<>8->5_<>9=0.0/Node:9->0=90.0/Edge:eps_id->0_<>6=7.5/Edge:2_<>5->eps_id=7.5/Edge:0_<>3->8_<>9=0.0/Edge:eps_id->3_<>9=7.5/Edge:eps_id->1_<>6=7.5/Node:eps_id->3=45.0/Node:0->9=90.0/Edge:2_<>7->eps_id=7.5/Node:4->7=33.5/Node:6->1=74.98332977294922/Node:eps_id->6=45.0/Node:7->2=90.0/Node:2->eps_id=45.0/Edge:5_<>9->eps_id=7.5/Edge:eps_id->0_<>7=7.5/Edge:7_<>9->0_<>2=0.0/Node:1->4=26.419689178466797/Node:5->eps_id=45.0/Edge:6_<>8->1_<>5=0.0/Edge:1_<>4->4_<>7=0.0/
image9_39.gxl;image7_50.gxl;10;10;10;10;Distributed GED;-;721.18485;true;9;7;Node:eps_id->6=45.0/Edge:eps_id->0_<>7=7.5/Edge:1_<>4->4_<>7=0.0/Node:eps_id->3=45.0/Edge:eps_id->0_<>6=7.5/Edge:6_<>8->1_<>5=0.0/Node:6->1=74.98332977294922/Edge:4_<>6->eps_id=7.5/Edge:eps_id->3_<>9=7.5/Edge:0_<>8->5_<>9=0.0/Node:3->8=53.45090866088867/Edge:5_<>9->eps_id=7.5/Edge:2_<>7->eps_id=7.5/Edge:eps_id->1_<>6=7.5/Node:1->4=27.064735412597656/Edge:2_<>5->eps_id=7.5/Node:2->eps_id=45.0/Node:0->9=90.0/Edge:0_<>3->8_<>9=0.0/Node:8->5=22.803510665893555/Node:7->2=90.0/Node:9->0=90.0/Node:4->7=32.88236618041992/Node:5->eps_id=45.0/Edge:7_<>9->0_<>2=0.0/Edge:1_<>3->4_<>8=0.0/
image9_39.gxl;image9_35.gxl;10;10;10;10;Distributed GED;-; 83.88512;true;9;9;Node:8->8=7.905695/Edge:4_<>6->4_<>6=0.0/Edge:0_<>8->0_<>8=0.0/Node:6->6=10.6066/Edge:5_<>9->5_<>9=0.0/Edge:6_<>8->6_<>8=0.0/Edge:0_<>3->0_<>3=0.0/Node:1->1=9.19239/Node:2->2=3.535535/Node:0->0=5.0/Node:3->3=9.43398/Edge:2_<>7->2_<>7=0.0/Edge:2_<>5->2_<>5=0.0/Edge:1_<>4->1_<>4=0.0/Node:9->9=1.414215/Edge:7_<>9->7_<>9=0.0/Edge:1_<>3->1_<>3=0.0/Node:5->5=9.219545/Node:4->4=7.778175/Node:7->7=19.79899/
image9_39.gxl;image9_39.gxl;10;10;10;10;Distributed GED;-;  0.00000;true;9;9;Node:9->9=0.0/Node:8->8=0.0/Edge:5_<>9->5_<>9=0.0/Node:0->0=0.0/Edge:2_<>7->2_<>7=0.0/Edge:7_<>9->7_<>9=0.0/Edge:1_<>4->1_<>4=0.0/Edge:0_<>3->0_<>3=0.0/Node:2->2=0.0/Edge:1_<>3->1_<>3=0.0/Node:3->3=0.0/Node:4->4=0.0/Edge:6_<>8->6_<>8=0.0/Node:1->1=0.0/Node:7->7=0.0/Node:6->6=0.0/Node:5->5=0.0/Edge:4_<>6->4_<>6=0.0/Edge:2_<>5->2_<>5=0.0/Edge:0_<>8->0_<>8=0.0/
image9_39.gxl;image20_22.gxl;10;10;10;10;Distributed GED;-;697.07413;true;9;20;Node:5->4=11.59741497039795/Edge:5_<>9->3_<>4=0.0/Node:4->6=90.0/Edge:eps_id->6_<>8=15.0/Node:8->9=48.87739944458008/Edge:eps_id->1_<>2=7.5/Edge:eps_id->7_<>9=7.5/Edge:2_<>5->eps_id=7.5/Edge:6_<>8->eps_id=7.5/Edge:0_<>3->0_<>7=0.0/Node:7->8=90.0/Node:0->0=45.21338653564453/Node:eps_id->5=45.0/Edge:4_<>6->eps_id=7.5/Node:9->3=3.807884931564331/Edge:0_<>8->eps_id=7.5/Edge:eps_id->1_<>3=7.5/Edge:7_<>9->eps_id=7.5/Edge:1_<>3->2_<>7=0.0/Node:2->eps_id=45.0/Edge:eps_id->0_<>8=7.5/Node:3->7=90.0/Node:1->2=90.0/Edge:eps_id->4_<>9=7.5/Edge:1_<>4->2_<>6=0.0/Edge:2_<>7->eps_id=7.5/Node:6->1=40.07804870605469/
image9_39.gxl;image20_30.gxl;10;10;10;10;Distributed GED;-;724.66308;true;9;20;Edge:eps_id->4_<>9=7.5/Edge:2_<>7->eps_id=7.5/Edge:5_<>9->3_<>4=0.0/Node:4->2=90.0/Edge:eps_id->1_<>3=7.5/Edge:1_<>3->6_<>8=22.5/Node:6->1=49.952476501464844/Edge:6_<>8->eps_id=7.5/Node:3->8=90.0/Node:9->3=8.544005393981934/Node:5->4=17.492855072021484/Node:eps_id->5=45.0/Edge:2_<>5->eps_id=7.5/Edge:eps_id->2_<>7=7.5/Node:7->7=90.0/Node:8->9=49.05609130859375/Edge:0_<>8->eps_id=7.5/Edge:7_<>9->eps_id=7.5/Edge:0_<>3->0_<>8=0.0/Node:0->0=52.11765670776367/Node:2->eps_id=45.0/Edge:1_<>4->2_<>6=0.0/Edge:eps_id->0_<>7=7.5/Edge:4_<>6->1_<>2=0.0/Node:1->6=90.0/Edge:eps_id->7_<>9=7.5/
image20_22.gxl;image7_34.gxl;10;10;10;10;Distributed GED;-;799.14054;true;20;7;Edge:eps_id->1_<>2=7.5/Edge:4_<>9->eps_id=7.5/Node:eps_id->1=45.0/Edge:0_<>7->0_<>6=0.0/Edge:eps_id->3_<>7=7.5/Node:1->eps_id=45.0/Edge:1_<>2->eps_id=7.5/Edge:eps_id->5_<>7=7.5/Edge:2_<>6->5_<>9=0.0/Node:0->0=24.869659423828125/Edge:3_<>4->eps_id=7.5/Node:7->6=90.0/Node:2->9=90.0/Edge:2_<>7->6_<>9=0.0/Node:3->eps_id=45.0/Edge:7_<>9->eps_id=7.5/Node:8->2=21.691009521484375/Edge:1_<>3->eps_id=7.5/Node:eps_id->3=45.0/Edge:eps_id->5_<>8=7.5/Edge:eps_id->1_<>3=7.5/Node:5->4=90.0/Node:6->5=25.079870223999023/Edge:0_<>8->0_<>2=0.0/Node:eps_id->7=45.0/Node:4->8=90.0/Node:9->eps_id=45.0/Edge:6_<>8->eps_id=15.0/Edge:eps_id->2_<>4=7.5/
image20_22.gxl;image7_37.gxl;10;10;10;10;Distributed GED;-;793.41945;true;20;7;Node:1->eps_id=45.0/Node:eps_id->3=45.0/Edge:eps_id->5_<>7=7.5/Node:9->eps_id=45.0/Edge:eps_id->2_<>4=7.5/Edge:7_<>9->eps_id=7.5/Edge:2_<>6->5_<>9=0.0/Edge:eps_id->1_<>3=7.5/Edge:0_<>7->0_<>6=0.0/Node:2->9=90.0/Node:6->5=27.0/Edge:eps_id->5_<>8=7.5/Edge:4_<>9->eps_id=7.5/Edge:2_<>7->6_<>9=0.0/Edge:1_<>3->eps_id=7.5/Edge:eps_id->3_<>7=7.5/Edge:eps_id->1_<>2=7.5/Node:eps_id->7=45.0/Node:7->6=90.0/Edge:1_<>2->eps_id=7.5/Node:3->8=90.0/Node:8->2=25.31797981262207/Node:5->1=90.0/Edge:3_<>4->eps_id=7.5/Node:4->4=90.0/Edge:0_<>8->0_<>2=0.0/Edge:6_<>8->eps_id=15.0/Node:0->0=13.601469993591309/
image20_22.gxl;image7_38.gxl;10;10;10;10;Distributed GED;-;809.63228;true;20;7;Edge:eps_id->0_<>2=7.5/Node:8->2=28.71411/Node:7->3=90.0/Edge:eps_id->1_<>2=7.5/Edge:0_<>8->2_<>4=0.0/Node:eps_id->1=45.0/Edge:eps_id->5_<>8=7.5/Edge:4_<>9->eps_id=7.5/Edge:6_<>8->eps_id=15.0/Node:4->8=90.0/Edge:1_<>2->eps_id=7.5/Node:1->9=75.208045/Node:3->6=94.83802/Edge:eps_id->0_<>6=7.5/Node:2->7=90.0/Edge:1_<>3->6_<>9=0.0/Edge:2_<>7->3_<>7=0.0/Node:0->4=90.0/Edge:eps_id->5_<>9=7.5/Node:6->5=36.79674/Node:9->0=26.575365/Edge:eps_id->1_<>3=7.5/Edge:7_<>9->eps_id=7.5/Edge:3_<>4->eps_id=7.5/Edge:2_<>6->5_<>7=0.0/Node:5->eps_id=45.0/Edge:0_<>7->eps_id=7.5/
image20_22.gxl;image7_48.gxl;10;10;10;10;Distributed GED;-;819.02891;true;20;7;Edge:6_<>8->eps_id=15.0/Node:eps_id->8=45.0/Edge:eps_id->4_<>8=7.5/Edge:3_<>4->eps_id=7.5/Node:8->9=27.018510818481445/Edge:1_<>2->eps_id=7.5/Node:3->1=91.5013656616211/Edge:eps_id->0_<>2=7.5/Edge:2_<>6->0_<>7=0.0/Edge:4_<>9->eps_id=7.5/Node:5->eps_id=45.0/Edge:eps_id->0_<>6=7.5/Node:2->7=90.0/Node:4->2=90.0/Node:0->3=90.0/Edge:0_<>8->3_<>9=0.0/Edge:eps_id->8_<>9=7.5/Node:6->0=50.32891845703125/Edge:1_<>3->1_<>6=0.0/Node:1->6=75.1664810180664/Edge:7_<>9->eps_id=7.5/Edge:eps_id->5_<>9=7.5/Edge:0_<>7->eps_id=7.5/Node:7->4=90.0/Edge:2_<>7->4_<>7=0.0/Node:9->5=27.513635635375977/Edge:eps_id->1_<>5=7.5/
image20_22.gxl;image7_49.gxl;10;10;10;10;Distributed GED;-;809.88247;true;20;7;Node:6->0=36.93914031982422/Edge:2_<>6->0_<>7=0.0/Node:0->3=90.0/Edge:7_<>9->eps_id=7.5/Node:eps_id->8=45.0/Node:5->eps_id=45.0/Node:2->7=90.0/Edge:4_<>9->eps_id=7.5/Edge:0_<>8->3_<>9=0.0/Edge:2_<>7->4_<>7=0.0/Edge:eps_id->1_<>5=7.5/Node:4->2=90.0/Edge:1_<>2->eps_id=7.5/Edge:eps_id->0_<>2=7.5/Node:9->5=31.1849308013916/Node:8->9=27.018510818481445/Edge:eps_id->0_<>6=7.5/Node:1->6=75.31600189208984/Edge:3_<>4->eps_id=7.5/Edge:0_<>7->eps_id=7.5/Node:3->1=91.92388153076172/Edge:1_<>3->1_<>6=0.0/Edge:eps_id->8_<>9=7.5/Edge:eps_id->4_<>8=7.5/Edge:eps_id->5_<>9=7.5/Node:7->4=90.0/Edge:6_<>8->eps_id=15.0/
image20_22.gxl;image7_50.gxl;10;10;10;10;Distributed GED;-;826.39615;true;20;7;Edge:7_<>9->eps_id=7.5/Edge:2_<>7->4_<>7=0.0/Edge:eps_id->0_<>2=7.5/Node:eps_id->8=45.0/Node:8->9=36.124785/Edge:eps_id->5_<>9=7.5/Edge:eps_id->8_<>9=7.5/Edge:eps_id->0_<>6=7.5/Node:9->5=26.40076/Edge:0_<>8->3_<>9=0.0/Edge:1_<>3->1_<>6=0.0/Node:2->7=90.0/Node:0->3=90.0/Edge:1_<>2->eps_id=7.5/Edge:eps_id->1_<>5=7.5/Node:1->6=81.400245/Node:3->1=91.92388/Edge:0_<>7->eps_id=7.5/Edge:2_<>6->0_<>7=0.0/Node:5->eps_id=45.0/Edge:6_<>8->eps_id=15.0/Edge:eps_id->4_<>8=7.5/Edge:4_<>9->eps_id=7.5/Node:4->2=90.0/Node:6->0=43.046485/Edge:3_<>4->eps_id=7.5/Node:7->4=90.0/
image20_22.gxl;image9_35.gxl;10;10;10;10;Distributed GED;-;697.03150;true;20;9;Node:5->2=90.0/Node:0->0=45.36793899536133/Edge:eps_id->0_<>8=7.5/Edge:eps_id->2_<>7=7.5/Edge:2_<>7->1_<>4=0.0/Edge:3_<>4->5_<>9=0.0/Edge:1_<>3->eps_id=7.5/Node:6->7=90.0/Node:2->4=90.0/Edge:6_<>8->eps_id=15.0/Node:9->8=44.11915588378906/Edge:eps_id->6_<>8=7.5/Edge:0_<>8->0_<>3=0.0/Edge:2_<>6->eps_id=7.5/Node:7->1=90.0/Node:8->3=90.0/Edge:4_<>9->eps_id=7.5/Edge:1_<>2->4_<>6=0.0/Edge:eps_id->1_<>3=7.5/Edge:eps_id->2_<>5=7.5/Edge:0_<>7->eps_id=7.5/Node:4->5=8.746430397033691/Node:3->9=3.5355350971221924/Edge:7_<>9->eps_id=7.5/Node:1->6=47.76243591308594/Edge:eps_id->7_<>9=7.5/
image20_22.gxl;image9_39.gxl;10;10;10;10;Distributed GED;-;697.07413;true;20;9;Node:8->3=90.0/Node:3->9=3.807884931564331/Edge:eps_id->0_<>8=7.5/Edge:eps_id->7_<>9=7.5/Edge:1_<>2->4_<>6=0.0/Edge:4_<>9->eps_id=7.5/Edge:7_<>9->eps_id=7.5/Edge:0_<>7->eps_id=7.5/Edge:6_<>8->eps_id=15.0/Node:7->1=90.0/Edge:0_<>8->0_<>3=0.0/Edge:eps_id->1_<>3=7.5/Edge:3_<>4->5_<>9=0.0/Edge:2_<>7->1_<>4=0.0/Node:0->0=45.21338653564453/Node:5->2=90.0/Edge:eps_id->6_<>8=7.5/Node:2->4=90.0/Node:6->7=90.0/Node:4->5=11.59741497039795/Edge:eps_id->2_<>7=7.5/Node:9->8=48.87739944458008/Edge:eps_id->2_<>5=7.5/Edge:1_<>3->eps_id=7.5/Edge:2_<>6->eps_id=7.5/Node:1->6=40.07804870605469/
image20_22.gxl;image20_22.gxl;10;10;10;10;Distributed GED;-;  0.00000;true;20;20;Edge:7_<>9->7_<>9=0.0/Node:0->0=0.0/Node:5->5=0.0/Edge:3_<>4->3_<>4=0.0/Edge:4_<>9->4_<>9=0.0/Node:3->3=0.0/Edge:1_<>3->1_<>3=0.0/Edge:0_<>8->0_<>8=0.0/Edge:2_<>6->2_<>6=0.0/Node:4->4=0.0/Node:7->7=0.0/Edge:1_<>2->1_<>2=0.0/Node:8->8=0.0/Node:6->6=0.0/Edge:6_<>8->6_<>8=0.0/Edge:0_<>7->0_<>7=0.0/Node:9->9=0.0/Edge:2_<>7->2_<>7=0.0/Node:1->1=0.0/Node:2->2=0.0/
image20_22.gxl;image20_30.gxl;10;10;10;10;Distributed GED;-; 72.36332;true;20;20;Edge:6_<>8->6_<>8=0.0/Edge:2_<>7->2_<>7=0.0/Node:9->9=0.707105/Edge:0_<>7->0_<>7=0.0/Edge:4_<>9->4_<>9=0.0/Node:4->4=11.06797/Edge:1_<>2->1_<>2=0.0/Node:1->1=9.899495/Node:3->3=9.19239/Node:2->2=9.84886/Edge:1_<>3->1_<>3=0.0/Edge:0_<>8->0_<>8=0.0/Node:0->0=11.06797/Node:7->7=2.12132/Node:6->6=5.700875/Edge:7_<>9->7_<>9=0.0/Edge:3_<>4->3_<>4=0.0/Edge:2_<>6->2_<>6=0.0/Node:5->5=8.514695/Node:8->8=4.24264/
image20_30.gxl;image7_34.gxl;10;10;10;10;Distributed GED;-;789.58565;true;20;7;Node:6->5=20.554805755615234/Node:1->eps_id=45.0/Edge:eps_id->1_<>2=7.5/Edge:0_<>7->0_<>6=0.0/Edge:1_<>2->eps_id=7.5/Edge:2_<>7->6_<>9=0.0/Node:0->0=18.110769271850586/Edge:6_<>8->eps_id=15.0/Edge:eps_id->5_<>7=7.5/Edge:0_<>8->0_<>2=0.0/Edge:1_<>3->eps_id=7.5/Node:8->2=23.420074462890625/Edge:4_<>9->eps_id=7.5/Edge:eps_id->1_<>3=7.5/Edge:2_<>6->5_<>9=0.0/Edge:3_<>4->eps_id=7.5/Node:5->1=90.0/Edge:eps_id->2_<>4=7.5/Edge:eps_id->5_<>8=7.5/Node:9->eps_id=45.0/Node:eps_id->3=45.0/Node:3->8=90.0/Node:eps_id->7=45.0/Edge:eps_id->3_<>7=7.5/Edge:7_<>9->eps_id=7.5/Node:7->6=90.0/Node:2->9=90.0/Node:4->4=90.0/
image20_30.gxl;image7_37.gxl;10;10;10;10;Distributed GED;-;789.79931;true;20;7;Node:8->2=28.017850875854492/Node:6->5=22.77059555053711/Node:4->4=90.0/Edge:3_<>4->eps_id=7.5/Node:1->eps_id=45.0/Edge:1_<>3->eps_id=7.5/Node:0->0=11.510865211486816/Edge:0_<>8->0_<>2=0.0/Node:5->1=90.0/Edge:eps_id->5_<>8=7.5/Node:eps_id->3=45.0/Edge:2_<>7->6_<>9=0.0/Node:2->9=90.0/Edge:eps_id->3_<>7=7.5/Edge:1_<>2->eps_id=7.5/Edge:7_<>9->eps_id=7.5/Edge:eps_id->1_<>2=7.5/Edge:6_<>8->eps_id=15.0/Edge:eps_id->1_<>3=7.5/Node:eps_id->7=45.0/Node:9->8=90.0/Node:7->6=90.0/Edge:eps_id->5_<>7=7.5/Edge:0_<>7->0_<>6=0.0/Edge:4_<>9->eps_id=7.5/Edge:2_<>6->5_<>9=0.0/Edge:eps_id->2_<>4=7.5/Node:3->eps_id=45.0/
image20_30.gxl;image7_38.gxl;10;10;10;10;Distributed GED;-;810.36380;true;20;7;Edge:7_<>9->0_<>6=0.0/Edge:eps_id->1_<>3=7.5/Node:0->4=90.0/Node:8->2=32.901371002197266/Node:3->8=90.0/Edge:eps_id->3_<>7=7.5/Node:2->9=90.0/Edge:eps_id->5_<>7=7.5/Edge:1_<>2->eps_id=7.5/Edge:eps_id->0_<>2=7.5/Node:eps_id->3=45.0/Edge:1_<>3->eps_id=7.5/Edge:eps_id->5_<>8=7.5/Edge:2_<>7->6_<>9=0.0/Node:7->6=90.0/Node:1->7=81.80005645751953/Node:6->5=31.12073516845703/Node:9->0=27.041635513305664/Edge:3_<>4->eps_id=7.5/Edge:0_<>8->2_<>4=0.0/Node:4->eps_id=45.0/Edge:4_<>9->eps_id=7.5/Edge:0_<>7->eps_id=7.5/Node:5->1=90.0/Edge:eps_id->1_<>2=7.5/Edge:2_<>6->5_<>9=0.0/Edge:6_<>8->eps_id=15.0/
image20_30.gxl;image7_48.gxl;10;10;10;10;Distributed GED;-;822.32874;true;20;7;Edge:6_<>8->eps_id=15.0/Edge:2_<>6->0_<>7=0.0/Node:0->3=90.0/Edge:7_<>9->eps_id=7.5/Node:5->8=90.0/Node:2->7=90.0/Edge:4_<>9->eps_id=7.5/Edge:0_<>8->3_<>9=0.0/Edge:2_<>7->4_<>7=0.0/Edge:eps_id->0_<>6=7.5/Node:4->2=90.0/Edge:1_<>2->eps_id=7.5/Edge:eps_id->0_<>2=7.5/Node:9->5=27.8298397064209/Node:6->0=44.749298095703125/Edge:1_<>3->1_<>6=0.0/Node:1->6=73.75635528564453/Edge:0_<>7->eps_id=7.5/Edge:3_<>4->eps_id=7.5/Node:3->1=97.25225067138672/Edge:eps_id->1_<>5=7.5/Edge:eps_id->4_<>8=7.5/Edge:eps_id->8_<>9=7.5/Edge:eps_id->5_<>9=7.5/Node:7->4=90.0/Node:8->9=31.240999221801758/
image20_30.gxl;image7_49.gxl;10;10;10;10;Distributed GED;-;812.29144;true;20;7;Node:7->1=90.0/Node:9->5=31.575305938720703/Edge:0_<>8->3_<>9=0.0/Node:2->6=90.0/Edge:eps_id->8_<>9=7.5/Edge:eps_id->0_<>2=7.5/Node:4->eps_id=45.0/Edge:1_<>3->eps_id=7.5/Edge:4_<>9->eps_id=7.5/Edge:2_<>7->1_<>6=0.0/Edge:6_<>8->eps_id=15.0/Edge:0_<>7->eps_id=7.5/Edge:eps_id->5_<>9=7.5/Node:8->9=31.240999221801758/Edge:3_<>4->eps_id=7.5/Node:5->4=90.0/Edge:eps_id->4_<>7=7.5/Edge:2_<>6->0_<>6=0.0/Edge:7_<>9->1_<>5=0.0/Node:3->2=90.0/Node:eps_id->8=45.0/Edge:eps_id->4_<>8=7.5/Edge:eps_id->0_<>7=7.5/Edge:1_<>2->eps_id=7.5/Node:1->7=80.57450103759766/Node:6->0=31.400634765625/Node:0->3=90.0/
image20_30.gxl;image7_50.gxl;10;10;10;10;Distributed GED;-;826.53301;true;20;7;Edge:eps_id->8_<>9=7.5/Edge:eps_id->4_<>8=7.5/Node:5->eps_id=45.0/Edge:2_<>7->1_<>6=0.0/Edge:eps_id->0_<>7=7.5/Node:3->2=90.0/Edge:0_<>8->3_<>9=0.0/Node:6->0=37.795501708984375/Node:eps_id->4=45.0/Node:7->1=90.0/Edge:1_<>3->eps_id=7.5/Edge:eps_id->0_<>2=7.5/Edge:eps_id->4_<>7=7.5/Edge:3_<>4->eps_id=7.5/Edge:0_<>7->eps_id=7.5/Edge:2_<>6->0_<>6=0.0/Node:9->5=26.65520477294922/Edge:eps_id->5_<>9=7.5/Node:0->3=90.0/Edge:7_<>9->1_<>5=0.0/Edge:4_<>9->eps_id=7.5/Node:2->6=90.0/Node:1->7=84.221435546875/Node:eps_id->8=45.0/Edge:1_<>2->eps_id=7.5/Node:4->eps_id=45.0/Node:8->9=40.360870361328125/Edge:6_<>8->eps_id=15.0/
image20_30.gxl;image9_35.gxl;10;10;10;10;Distributed GED;-;720.62536;true;20;9;Node:1->6=57.41297912597656/Edge:eps_id->0_<>8=7.5/Edge:7_<>9->eps_id=7.5/Edge:2_<>7->eps_id=7.5/Edge:0_<>8->0_<>3=0.0/Node:3->9=9.848859786987305/Node:2->4=90.0/Node:7->7=90.0/Edge:2_<>6->1_<>4=0.0/Edge:eps_id->2_<>7=7.5/Node:5->2=90.0/Edge:3_<>4->5_<>9=0.0/Node:8->3=90.0/Edge:1_<>3->eps_id=7.5/Edge:4_<>9->eps_id=7.5/Edge:6_<>8->1_<>3=22.5/Node:4->5=8.544005393981934/Node:9->8=44.204071044921875/Edge:eps_id->7_<>9=7.5/Node:0->0=53.115440368652344/Node:6->1=90.0/Edge:eps_id->6_<>8=7.5/Edge:eps_id->2_<>5=7.5/Edge:0_<>7->eps_id=7.5/Edge:1_<>2->4_<>6=0.0/
image20_30.gxl;image9_39.gxl;10;10;10;10;Distributed GED;-;724.66308;true;20;9;Node:4->5=17.492855072021484/Edge:7_<>9->eps_id=7.5/Edge:eps_id->2_<>5=7.5/Edge:2_<>7->eps_id=7.5/Edge:eps_id->0_<>8=7.5/Edge:2_<>6->1_<>4=0.0/Edge:1_<>2->4_<>6=0.0/Node:5->2=90.0/Node:9->8=49.05609130859375/Edge:eps_id->7_<>9=7.5/Edge:6_<>8->1_<>3=22.5/Edge:4_<>9->eps_id=7.5/Node:0->0=52.11765670776367/Edge:3_<>4->5_<>9=0.0/Edge:eps_id->2_<>7=7.5/Node:6->1=90.0/Edge:eps_id->6_<>8=7.5/Node:8->3=90.0/Node:3->9=8.544005393981934/Node:1->6=49.952476501464844/Edge:0_<>8->0_<>3=0.0/Edge:0_<>7->eps_id=7.5/Node:7->7=90.0/Edge:1_<>3->eps_id=7.5/Node:2->4=90.0/
image20_30.gxl;image20_22.gxl;10;10;10;10;Distributed GED;-; 72.36332;true;20;20;Node:9->9=0.707105/Node:7->7=2.12132/Node:5->5=8.514695/Edge:0_<>7->0_<>7=0.0/Edge:7_<>9->7_<>9=0.0/Edge:3_<>4->3_<>4=0.0/Edge:0_<>8->0_<>8=0.0/Edge:2_<>7->2_<>7=0.0/Node:1->1=9.899495/Edge:4_<>9->4_<>9=0.0/Node:0->0=11.06797/Edge:2_<>6->2_<>6=0.0/Node:4->4=11.06797/Node:3->3=9.19239/Node:8->8=4.24264/Edge:6_<>8->6_<>8=0.0/Node:2->2=9.84886/Edge:1_<>3->1_<>3=0.0/Edge:1_<>2->1_<>2=0.0/Node:6->6=5.700875/
image20_30.gxl;image20_30.gxl;10;10;10;10;Distributed GED;-;  0.00000;true;20;20;Node:0->0=0.0/Edge:1_<>2->1_<>2=0.0/Node:7->7=0.0/Edge:2_<>6->2_<>6=0.0/Edge:3_<>4->3_<>4=0.0/Node:1->1=0.0/Node:5->5=0.0/Edge:4_<>9->4_<>9=0.0/Edge:2_<>7->2_<>7=0.0/Node:6->6=0.0/Node:8->8=0.0/Node:2->2=0.0/Node:4->4=0.0/Node:9->9=0.0/Edge:0_<>7->0_<>7=0.0/Edge:7_<>9->7_<>9=0.0/Edge:0_<>8->0_<>8=0.0/Edge:6_<>8->6_<>8=0.0/Node:3->3=0.0/Edge:1_<>3->1_<>3=0.0/
